"Date","Jello IN","Jello Batch","Jello /day","Jello Stock","Jello Trans d","Jello Prod d","Jello Stk d","Jello Pipeline d","Mixer IN","Mixer Batch","Mixer /day","Mixer Stock","Mixer Trans d","Mixer Prod d","Mixer Stk d","Mixer Pipeline d","Straw IN","Straw Batch","Straw /day","Straw Stock","Straw Trans d","Straw Prod d","Straw Stk d","Straw Pipeline d","Status","","SKU","Actual/day","Plan/day","Rate Δ%"
"2026-06-16","0","","152","0","13","","0","13","0","","6","0","13","","0","13","0","","21","0","13","","0","13","🚨 STOCKOUT","","Jello","193.42857142857142","217.71428571428572","-0.11154855643044628"
"2026-06-17","0","","188","-152","12","","0","12","0","","8","-6","12","","0","12","0","","27","-21","12","","0","12","🚨 STOCKOUT","","Mixer","7.142857142857143","13.142857142857142","-0.45652173913043476"
"2026-06-18","0","","159","-340","11","","0","11","0","","7","-14","11","","0","11","0","","25","-48","11","","0","11","🚨 STOCKOUT","","Straw","32","38.142857142857146","-0.16104868913857684"
"2026-06-19","0","","158","-499","10","","0","10","0","","7","-21","10","","0","10","0","","29","-73","10","","0","10","🚨 STOCKOUT","","","","",""
"2026-06-20","0","","178","-657","9","","0","9","0","","7","-28","9","","0","9","0","","30","-102","9","","0","9","🚨 STOCKOUT","","","","",""
"2026-06-21","0","","198","-835","8","","0","8","0","","8","-35","8","","0","8","0","","33","-132","8","","0","8","🚨 STOCKOUT","","📦 Coverage today (days)","","",""
"2026-06-22","0","","126","-1033","7","","0","7","0","","1","-43","7","","0","7","0","","15","-165","7","","0","7","🚨 STOCKOUT","","Warehouse (Stk d)","69","41","102"
"2026-06-23","0","","196","-1159","6","","0","6","0","","0","-44","6","","0","6","0","","0","-180","6","","0","6","🚨 STOCKOUT","","Transit (Trans d)","0","0","0"
"2026-06-24","0","","148","-1355","5","","0","5","0","","0","-44","5","","0","5","0","","0","-180","5","","0","5","🚨 STOCKOUT","","Production (Prod d)","","",""
"2026-06-25","0","","185","-1503","4","","0","4","0","","3","-44","4","","0","4","0","","7","-180","4","","0","4","🚨 STOCKOUT","","","","",""
"2026-06-26","0","","183","-1688","3","","0","3","0","","4","-47","3","","0","3","0","","33","-187","3","","0","3","🚨 STOCKOUT","","","","",""
"2026-06-27","0","","327","-1871","2","","0","2","0","","16","-51","2","","0","2","0","","61","-220","2","","0","2","🚨 STOCKOUT","","","","",""
"2026-06-28","0","","395","-2198","1","","0","1","0","","22","-67","1","","0","1","0","","71","-281","1","","0","1","🚨 STOCKOUT","","","","",""
"2026-06-29","17984","Mutual-ProcWare-Jello","202","-2593","0","","0","0","186","Mutual-ProcWare-Mixer","9","-89","0","","0","0","2811","Mutual-ProcWare-Straw","35","-352","0","","0","0","🚨 STOCKOUT","","","","",""
"2026-06-30","0","","189","15189","0","","72","72","0","","10","88","0","","10","10","0","","36","2424","0","","71","71","🔴 CRITICAL","","","","",""
"2026-07-01","0","","46","15000","0","","71","71","0","","3","78","0","","9","9","0","","6","2388","0","","70","70","🔴 CRITICAL","","","","",""
"2026-07-02","0","","28","14954","0","","70","70","0","","1","75","0","","8","8","0","","5","2382","0","","69","69","🔴 CRITICAL","","","","",""
"2026-07-03","0","","159","14926","0","","69","69","0","","14","74","0","","7","7","0","","28","2377","0","","68","68","🔴 CRITICAL","","","","",""
"2026-07-04","0","","145","14767","0","","68","68","0","","5","60","0","","6","6","0","","28","2349","0","","67","67","🔴 CRITICAL","","","","",""
"2026-07-05","0","","285","14622","0","","67","67","0","","11","55","0","","5","5","0","","52","2321","0","","66","66","🔴 CRITICAL","","","","",""
"2026-07-06","0","","256","14337","0","","66","66","0","","10","44","0","","4","4","0","","41","2269","0","","65","65","🔴 CRITICAL","","","","",""
"2026-07-07","0","","220","14081","0","","65","65","0","","5","34","0","","3","3","0","","37","2228","0","","64","64","🔴 CRITICAL","","","","",""
"2026-07-08","0","","195","13861","0","","64","64","0","","10","29","0","","2","2","0","","30","2191","0","","63","63","🔴 CRITICAL","","","","",""
"2026-07-09","0","","250","13666","0","","63","63","0","","12","19","2","","1","3","0","","39","2161","0","","62","62","🔴 CRITICAL","","","","",""
"2026-07-10","0","","253","13416","0","","62","62","0","","15","7","1","","0","1","0","","44","2122","0","","61","61","🚨 STOCKOUT","","","","",""
"2026-07-11","0","","276","13163","0","","61","61","100","Mutual-PO1-Mixers","13","-8","0","","0","0","0","","44","2078","0","","60","60","🚨 STOCKOUT","","","","",""
"2026-07-12","0","","255","12887","0","","60","60","0","","12","79","0","","8","8","0","","46","2034","0","","59","59","🔴 CRITICAL","","","","",""
"2026-07-13","0","","210","12632","0","","59","59","0","","7","67","0","","7","7","0","","35","1988","0","","58","58","🔴 CRITICAL","","","","",""
"2026-07-14","0","","300","12422","0","","58","58","0","","11","60","0","","6","6","0","","57","1953","0","","57","57","🔴 CRITICAL","","","","",""
"2026-07-15","0","","274","12122","0","","57","57","0","","15","49","0","","5","5","0","","48","1896","0","","56","56","🔴 CRITICAL","","","","",""
"2026-07-16","0","","161","11848","0","","56","56","0","","2","34","0","","4","4","0","","28","1848","0","","55","55","🔴 CRITICAL","","","","",""
"2026-07-17","0","","230","11687","0","","55","55","0","","8","32","2","","3","5","0","","42","1820","0","","54","54","🔴 CRITICAL","","","","",""
"2026-07-18","0","","292","11457","0","","54","54","0","","15","24","1","","2","3","0","","50","1778","0","","53","53","🔴 CRITICAL","","","","",""
"2026-07-19","0","","200","11165","0","","53","53","300","Mutual-Urgent-Mixers","6","9","0","","1","1","0","","34","1728","0","","52","52","🔴 CRITICAL","","","","",""
"2026-07-20","0","","217","10965","0","","52","52","0","","11","303","0","","34","34","0","","41","1694","0","","51","51","🟡 LOW","","","","",""
"2026-07-21","0","","187","10748","0","","51","51","0","","5","292","0","","33","33","0","","33","1653","0","","50","50","🟡 LOW","","","","",""
"2026-07-22","0","","198","10561","0","","50","50","0","","8","287","0","","32","32","0","","37","1620","0","","49","49","🟡 LOW","","","","",""
"2026-07-23","0","","198","10363","0","","49","49","0","","9","279","0","","31","31","0","","37","1583","0","","48","48","🟡 LOW","","","","",""
"2026-07-24","0","","303","10165","0","","48","48","0","","12","270","0","","30","30","0","","52","1546","0","","47","47","🟡 LOW","","","","",""
"2026-07-25","0","","311","9862","0","","47","47","0","","8","258","0","","29","29","0","","57","1494","0","","46","46","🟡 LOW","","","","",""
"2026-07-26","0","","396","9551","2","","46","48","0","","17","250","0","","28","28","0","","72","1437","0","","45","45","🟡 LOW","","","","",""
"2026-07-27","0","","280","9155","1","","45","46","0","","9","233","0","","27","27","0","","54","1365","0","","44","44","🟡 LOW","","","","",""
"2026-07-28","7560","Mutual-PO1-Leftovers","248","8875","0","","44","44","0","","11","224","0","","26","26","0","","44","1311","0","","43","43","🟡 LOW","","","","",""
"2026-07-29","0","","263","16187","0","","85","85","0","","13","213","0","","25","25","0","","47","1267","0","","42","42","🟡 LOW","","","","",""
"2026-07-30","0","","170","15924","0","","84","84","0","","6","200","0","","24","24","0","","30","1220","0","","41","41","🟡 LOW","","","","",""
"2026-07-31","0","","356","15754","0","","83","83","0","","19","194","0","","23","23","0","","63","1190","0","","40","40","🟡 LOW","","","","",""
"2026-08-01","0","","129","15398","0","","82","82","0","","2","175","0","","22","22","0","","3","1127","0","","39","39","🟡 LOW","","","","",""
"2026-08-02","0","","182","15269","0","","81","81","0","","2","173","0","","21","21","0","","3","1124","0","","38","38","🟡 LOW","","","","",""
"2026-08-03","0","","192","15087","0","","80","80","0","","2","171","0","","20","20","0","","3","1121","0","","37","37","🔴 CRITICAL","","","","",""
"2026-08-04","0","","138","14895","0","","79","79","0","","1","169","0","","19","19","0","","4","1118","0","","36","36","🔴 CRITICAL","","","","",""
"2026-08-05","0","","169","14757","0","","78","78","0","","0","168","0","","18","18","0","","1","1114","0","","35","35","🔴 CRITICAL","","","","",""
"2026-08-06","0","","160","14588","0","","77","77","0","","0","168","2","","17","19","0","","1","1113","2","","34","36","🔴 CRITICAL","","","","",""
"2026-08-07","0","","170","14428","0","","76","76","0","","2","168","1","","16","17","0","","0","1112","1","","33","34","🔴 CRITICAL","","","","",""
"2026-08-08","0","","280","14258","0","","75","75","700","Mutual-PO2-Delivered","18","166","0","","15","15","3240","Mutual-PO2-Delivered","48","1112","0","","32","32","🔴 CRITICAL","","","","",""
"2026-08-09","0","","362","13978","0","","74","74","0","","18","848","0","","82","82","0","","64","4304","0","","143","143","🟢 OK","","","","",""
"2026-08-10","0","","259","13616","0","","73","73","0","","14","830","0","","81","81","0","","46","4240","0","","142","142","🟢 OK","","","","",""
"2026-08-11","0","","219","13357","0","","72","72","0","","8","816","0","","80","80","0","","38","4194","0","","141","141","🟢 OK","","","","",""
"2026-08-12","0","","233","13138","0","","71","71","0","","15","808","0","","79","79","0","","37","4156","0","","140","140","🟢 OK","","","","",""
"2026-08-13","0","","205","12905","0","","70","70","0","","10","793","0","","78","78","0","","34","4119","0","","139","139","🟢 OK","","","","",""
"2026-08-14","0","","121","12700","0","","69","69","0","","3","783","0","","77","77","0","","20","4085","0","","138","138","🟢 OK","","","","",""
"2026-08-15","0","","208","12579","0","","68","68","0","","10","780","0","","76","76","0","","37","4065","0","","137","137","🟢 OK","","","","",""
"2026-08-16","0","","238","12371","0","","67","67","0","","14","770","0","","75","75","0","","40","4028","0","","136","136","🟢 OK","","","","",""
"2026-08-17","0","","195","12133","0","","66","66","0","","13","756","0","","74","74","0","","33","3988","0","","135","135","🟢 OK","","","","",""
"2026-08-18","0","","140","11938","0","","65","65","0","","8","743","0","","73","73","0","","20","3955","0","","134","134","🟢 OK","","","","",""
"2026-08-19","0","","89","11798","0","","64","64","0","","4","735","0","","72","72","0","","16","3935","0","","133","133","🟢 OK","","","","",""
"2026-08-20","0","","200","11709","0","","63","63","0","","17","731","0","","71","71","0","","30","3919","0","","132","132","🟢 OK","","","","",""
"2026-08-21","0","","138","11509","0","","62","62","0","","6","714","0","","70","70","0","","24","3889","0","","131","131","🟢 OK","","","","",""
"2026-08-22","0","","130","11371","0","","61","61","0","","5","708","0","","69","69","0","","29","3865","0","","130","130","🟢 OK","","","","",""
"2026-08-23","0","","166","11241","0","","60","60","0","","6","703","0","","68","68","0","","34","3836","0","","129","129","🟢 OK","","","","",""
"2026-08-24","0","","203","11075","0","","59","59","0","","15","697","0","","67","67","0","","27","3802","0","","128","128","🟢 OK","","","","",""
"2026-08-25","0","","243","10872","0","","58","58","0","","12","682","0","","66","66","0","","37","3775","0","","127","127","🟢 OK","","","","",""
"2026-08-26","0","","227","10629","0","","57","57","0","","17","670","0","","65","65","0","","36","3738","0","","126","126","🟢 OK","","","","",""
"2026-08-27","0","","190","10402","0","","56","56","0","","8","653","0","","64","64","0","","35","3702","0","","125","125","🟢 OK","","","","",""
"2026-08-28","0","","251","10212","0","","55","55","0","","13","645","0","","63","63","0","","42","3667","0","","124","124","🟢 OK","","","","",""
"2026-08-29","0","","156","9961","0","","54","54","0","","9","632","0","","62","62","0","","27","3625","0","","123","123","🟢 OK","","","","",""
"2026-08-30","0","","251","9805","0","","53","53","0","","13","623","0","","61","61","0","","43","3598","0","","122","122","🟢 OK","","","","",""
"2026-08-31","0","","212","9554","0","","52","52","0","","10","610","0","","60","60","0","","35","3555","0","","121","121","🟢 OK","","","","",""
"2026-09-01","0","","173","9342","0","","51","51","0","","2","600","0","","59","59","0","","32","3520","0","","120","120","🟢 OK","","","","",""
"2026-09-02","0","","208","9169","0","","50","50","0","","9","598","0","","58","58","0","","33","3488","0","","119","119","🟢 OK","","","","",""
"2026-09-03","0","","158","8961","0","","49","49","0","","6","589","0","","57","57","0","","26","3455","0","","118","118","🟢 OK","","","","",""
"2026-09-04","0","","211","8803","0","","48","48","0","","14","583","0","","56","56","0","","37","3429","0","","117","117","🟢 OK","","","","",""
"2026-09-05","0","","211","8592","0","","47","47","0","","14","569","0","","55","55","0","","35","3392","0","","116","116","🟢 OK","","","","",""
"2026-09-06","0","","276","8381","0","","46","46","0","","17","555","0","","54","54","0","","46","3357","0","","115","115","🟢 OK","","","","",""
"2026-09-07","0","","178","8105","0","","45","45","0","","10","538","0","","53","53","0","","27","3311","0","","114","114","🟢 OK","","","","",""
"2026-09-08","0","","166","7927","0","","44","44","0","","9","528","0","","52","52","0","","27","3284","0","","113","113","🟡 LOW","","","","",""
"2026-09-09","0","","196","7761","0","","43","43","0","","5","519","0","","51","51","0","","26","3257","0","","112","112","🟡 LOW","","","","",""
"2026-09-10","0","","190","7565","3","","42","45","0","","8","514","0","","50","50","0","","24","3231","0","","111","111","🟡 LOW","","","","",""
"2026-09-11","0","","194","7375","2","","41","43","0","","8","506","0","","49","49","0","","30","3207","0","","110","110","🟡 LOW","","","","",""
"2026-09-12","0","","153","7181","1","","40","41","0","","5","498","0","","48","48","0","","26","3177","0","","109","109","🟡 LOW","","","","",""
"2026-09-13","6400","PO2-Jello-Mutual","200","7028","0","","39","39","0","","7","493","0","","47","47","0","","35","3151","0","","108","108","🟡 LOW","","","","",""
"2026-09-14","0","","213","13228","0","","74","74","0","","9","486","0","","46","46","0","","34","3116","0","","107","107","🟢 OK","","","","",""
"2026-09-15","0","","196","13015","0","","73","73","0","","6","477","0","","45","45","0","","32","3082","0","","106","106","🟢 OK","","","","",""
"2026-09-16","0","","228","12819","0","","72","72","0","","11","471","0","","44","44","0","","33","3050","0","","105","105","🟡 LOW","","","","",""
"2026-09-17","0","","264","12591","0","","71","71","0","","9","460","0","","43","43","0","","48","3017","0","","104","104","🟡 LOW","","","","",""
"2026-09-18","0","","100","12327","0","","70","70","0","","3","451","0","","42","42","0","","16","2969","0","","103","103","🟡 LOW","","","","",""
"2026-09-19","0","","228","12227","0","","69","69","0","","14","448","0","","41","41","0","","40","2953","0","","102","102","🟡 LOW","","","","",""
"2026-09-20","0","","228","11999","0","","68","68","0","","13","434","0","","40","40","0","","40","2913","0","","101","101","🟡 LOW","","","","",""
"2026-09-21","0","","157","11771","0","","67","67","0","","10","421","0","","39","39","0","","28","2873","0","","100","100","🟡 LOW","","","","",""
"2026-09-22","0","","156","11614","0","","66","66","0","","10","411","0","","38","38","0","","28","2845","0","","99","99","🟡 LOW","","","","",""
"2026-09-23","0","","156","11458","0","","65","65","0","","10","401","0","","37","37","0","","28","2817","0","","98","98","🟡 LOW","","","","",""
"2026-09-24","0","","156","11302","0","","64","64","0","","10","391","0","","36","36","0","","27","2789","0","","97","97","🟡 LOW","","","","",""
"2026-09-25","0","","156","11146","0","","63","63","0","","9","381","0","","35","35","0","","27","2762","0","","96","96","🟡 LOW","","","","",""
"2026-09-26","0","","156","10990","0","","62","62","0","","9","372","0","","34","34","0","","27","2735","0","","95","95","🟡 LOW","","","","",""
"2026-09-27","0","","156","10834","0","","61","61","0","","9","363","0","","33","33","0","","27","2708","0","","94","94","🟡 LOW","","","","",""
"2026-09-28","0","","164","10678","0","","60","60","0","","10","354","0","","32","32","0","","29","2681","0","","93","93","🟡 LOW","","","","",""
"2026-09-29","0","","164","10514","0","","59","59","0","","10","344","0","","31","31","0","","29","2652","0","","92","92","🟡 LOW","","","","",""
"2026-09-30","0","","164","10350","0","","58","58","0","","10","334","0","","30","30","0","","29","2623","0","","91","91","🟡 LOW","","","","",""
"2026-10-01","0","","164","10186","0","","57","57","0","","10","324","0","","29","29","0","","29","2594","0","","90","90","🟡 LOW","","","","",""
"2026-10-02","0","","164","10022","0","","56","56","0","","10","314","0","","28","28","0","","29","2565","0","","89","89","🟡 LOW","","","","",""
"2026-10-03","0","","163","9858","0","","55","55","0","","10","304","0","","27","27","0","","29","2536","0","","88","88","🟡 LOW","","","","",""
"2026-10-04","0","","163","9695","0","","54","54","0","","10","294","0","","26","26","0","","28","2507","0","","87","87","🟡 LOW","","","","",""
"2026-10-05","0","","176","9532","0","","53","53","0","","11","284","0","","25","25","0","","31","2479","0","","86","86","🟡 LOW","","","","",""
"2026-10-06","0","","175","9356","0","","52","52","0","","11","273","0","","24","24","0","","31","2448","0","","85","85","🟡 LOW","","","","",""
"2026-10-07","0","","175","9181","0","","51","51","0","","11","262","0","","23","23","0","","31","2417","0","","84","84","🟡 LOW","","","","",""
"2026-10-08","0","","175","9006","0","","50","50","0","","11","251","0","","22","22","0","","31","2386","0","","83","83","🟡 LOW","","","","",""
"2026-10-09","0","","175","8831","0","","49","49","0","","11","240","0","","21","21","0","","31","2355","0","","82","82","🟡 LOW","","","","",""
"2026-10-10","0","","175","8656","0","","48","48","0","","10","229","0","","20","20","0","","31","2324","0","","81","81","🔴 CRITICAL","","","","",""
"2026-10-11","0","","175","8481","0","","47","47","0","","10","219","0","","19","19","0","","30","2293","0","","80","80","🔴 CRITICAL","","","","",""
"2026-10-12","0","","176","8306","0","","46","46","0","","11","209","0","","18","18","0","","31","2263","0","","79","79","🔴 CRITICAL","","","","",""
"2026-10-13","0","","175","8130","0","","45","45","0","","11","198","0","","17","17","0","","31","2232","0","","78","78","🔴 CRITICAL","","","","",""
"2026-10-14","0","","175","7955","0","","44","44","0","","11","187","0","","16","16","0","","31","2201","0","","77","77","🔴 CRITICAL","","","","",""
"2026-10-15","0","","175","7780","0","","43","43","0","","11","176","0","","15","15","0","","31","2170","0","","76","76","🔴 CRITICAL","","","","",""
"2026-10-16","0","","175","7605","0","","42","42","0","","11","165","0","","14","14","0","","31","2139","0","","75","75","🔴 CRITICAL","","","","",""
"2026-10-17","0","","175","7430","0","","41","41","0","","10","154","0","","13","13","0","","31","2108","0","","74","74","🔴 CRITICAL","","","","",""
"2026-10-18","0","","175","7255","0","","40","40","0","","10","144","0","","12","12","0","","30","2077","0","","73","73","🔴 CRITICAL","","","","",""
"2026-10-19","0","","191","7080","0","","39","39","0","","12","134","0","","11","11","0","","34","2047","0","","72","72","🔴 CRITICAL","","","","",""
"2026-10-20","0","","191","6889","0","","38","38","0","","12","122","0","","10","10","0","","34","2013","0","","71","71","🔴 CRITICAL","","","","",""
"2026-10-21","0","","191","6698","0","","37","37","0","","12","110","0","","9","9","0","","34","1979","0","","70","70","🔴 CRITICAL","","","","",""
"2026-10-22","0","","190","6507","0","","36","36","0","","12","98","0","","8","8","0","","33","1945","0","","69","69","🔴 CRITICAL","","","","",""
"2026-10-23","0","","190","6317","0","","35","35","0","","11","86","0","","7","7","0","","33","1912","0","","68","68","🔴 CRITICAL","","","","",""
"2026-10-24","0","","190","6127","0","","34","34","0","","11","75","0","","6","6","0","","33","1879","0","","67","67","🔴 CRITICAL","","","","",""
"2026-10-25","0","","190","5937","0","","33","33","0","","11","64","0","","5","5","0","","33","1846","0","","66","66","🔴 CRITICAL","","","","",""
"2026-10-26","0","","191","5747","0","","32","32","0","","12","53","0","","4","4","0","","34","1813","0","","65","65","🔴 CRITICAL","","","","",""
"2026-10-27","0","","191","5556","0","","31","31","0","","12","41","0","","3","3","0","","34","1779","0","","64","64","🔴 CRITICAL","","","","",""
"2026-10-28","0","","191","5365","0","","30","30","0","","12","29","0","","2","2","0","","34","1745","0","","63","63","🔴 CRITICAL","","","","",""
"2026-10-29","0","","190","5174","0","","29","29","0","","12","17","0","","1","1","0","","33","1711","0","","62","62","🔴 CRITICAL","","","","",""
"2026-10-30","0","","190","4984","0","","28","28","0","","11","5","0","","0","0","0","","33","1678","0","","61","61","🚨 STOCKOUT","","","","",""
"2026-10-31","0","","190","4794","0","","27","27","0","","11","-6","0","","0","0","0","","33","1645","0","","60","60","🚨 STOCKOUT","","","","",""
"2026-11-01","0","","190","4604","0","","26","26","0","","11","-17","0","","0","0","0","","33","1612","0","","59","59","🚨 STOCKOUT","","","","",""
"2026-11-02","0","","172","4414","0","","25","25","0","","11","-28","0","","0","0","0","","31","1579","0","","58","58","🚨 STOCKOUT","","","","",""
"2026-11-03","0","","172","4242","0","","24","24","0","","11","-39","0","","0","0","0","","30","1548","0","","57","57","🚨 STOCKOUT","","","","",""
"2026-11-04","0","","172","4070","0","","23","23","0","","11","-50","0","","0","0","0","","30","1518","0","","56","56","🚨 STOCKOUT","","","","",""
"2026-11-05","0","","171","3898","0","","22","22","0","","10","-61","0","","0","0","0","","30","1488","0","","55","55","🚨 STOCKOUT","","","","",""
"2026-11-06","0","","171","3727","0","","21","21","0","","10","-71","0","","0","0","0","","30","1458","0","","54","54","🚨 STOCKOUT","","","","",""
"2026-11-07","0","","171","3556","0","","20","20","0","","10","-81","0","","0","0","0","","30","1428","0","","53","53","🚨 STOCKOUT","","","","",""
"2026-11-08","0","","171","3385","0","","19","19","0","","10","-91","0","","0","0","0","","30","1398","0","","52","52","🚨 STOCKOUT","","","","",""
"2026-11-09","0","","162","3214","0","","18","18","0","","10","-101","0","","0","0","0","","29","1368","0","","51","51","🚨 STOCKOUT","","","","",""
"2026-11-10","0","","162","3052","0","","17","17","0","","10","-111","0","","0","0","0","","29","1339","0","","50","50","🚨 STOCKOUT","","","","",""
"2026-11-11","0","","162","2890","0","","16","16","0","","10","-121","0","","0","0","0","","29","1310","0","","49","49","🚨 STOCKOUT","","","","",""
"2026-11-12","0","","161","2728","0","","15","15","0","","10","-131","0","","0","0","0","","28","1281","0","","48","48","🚨 STOCKOUT","","","","",""
"2026-11-13","0","","161","2567","0","","14","14","0","","10","-141","0","","0","0","0","","28","1253","0","","47","47","🚨 STOCKOUT","","","","",""
"2026-11-14","0","","161","2406","0","","13","13","0","","10","-151","0","","0","0","0","","28","1225","0","","46","46","🚨 STOCKOUT","","","","",""
"2026-11-15","0","","161","2245","0","","12","12","0","","9","-161","0","","0","0","0","","28","1197","0","","45","45","🚨 STOCKOUT","","","","",""
"2026-11-16","0","","156","2084","0","","11","11","0","","10","-170","0","","0","0","0","","28","1169","0","","44","44","🚨 STOCKOUT","","","","",""
"2026-11-17","0","","156","1928","0","","10","10","0","","10","-180","0","","0","0","0","","28","1141","0","","43","43","🚨 STOCKOUT","","","","",""
"2026-11-18","0","","156","1772","0","","9","9","0","","10","-190","0","","0","0","0","","27","1113","0","","42","42","🚨 STOCKOUT","","","","",""
"2026-11-19","0","","155","1616","0","","8","8","0","","9","-200","0","","0","0","0","","27","1086","0","","41","41","🚨 STOCKOUT","","","","",""
"2026-11-20","0","","155","1461","0","","7","7","0","","9","-209","0","","0","0","0","","27","1059","0","","40","40","🚨 STOCKOUT","","","","",""
"2026-11-21","0","","155","1306","0","","6","6","0","","9","-218","0","","0","0","0","","27","1032","0","","39","39","🚨 STOCKOUT","","","","",""
"2026-11-22","0","","155","1151","0","","5","5","0","","9","-227","0","","0","0","0","","27","1005","0","","38","38","🚨 STOCKOUT","","","","",""
"2026-11-23","0","","229","996","0","","4","4","0","","14","-236","0","","0","0","0","","41","978","0","","37","37","🚨 STOCKOUT","","","","",""
"2026-11-24","0","","229","767","0","","3","3","0","","14","-250","0","","0","0","0","","40","937","0","","36","36","🚨 STOCKOUT","","","","",""
"2026-11-25","0","","229","538","0","","2","2","0","","14","-264","0","","0","0","0","","40","897","0","","35","35","🚨 STOCKOUT","","","","",""
"2026-11-26","0","","229","309","0","","1","1","0","","14","-278","0","","0","0","0","","40","857","0","","34","34","🚨 STOCKOUT","","","","",""
"2026-11-27","0","","228","80","0","","0","0","0","","14","-292","0","","0","0","0","","40","817","0","","33","33","🚨 STOCKOUT","","","","",""
"2026-11-28","0","","228","-148","0","","0","0","0","","14","-306","0","","0","0","0","","40","777","0","","32","32","🚨 STOCKOUT","","","","",""
"2026-11-29","0","","228","-376","0","","0","0","0","","13","-320","0","","0","0","0","","40","737","0","","31","31","🚨 STOCKOUT","","","","",""
"2026-11-30","0","","145","-604","0","","0","0","0","","9","-333","0","","0","0","0","","26","697","0","","30","30","🚨 STOCKOUT","","","","",""
"2026-12-01","0","","145","-749","0","","0","0","0","","9","-342","0","","0","0","0","","26","671","0","","29","29","🚨 STOCKOUT","","","","",""
"2026-12-02","0","","145","-894","0","","0","0","0","","9","-351","0","","0","0","0","","26","645","0","","28","28","🚨 STOCKOUT","","","","",""
"2026-12-03","0","","145","-1039","0","","0","0","0","","9","-360","0","","0","0","0","","25","619","0","","27","27","🚨 STOCKOUT","","","","",""
"2026-12-04","0","","145","-1184","0","","0","0","0","","9","-369","0","","0","0","0","","25","594","0","","26","26","🚨 STOCKOUT","","","","",""
"2026-12-05","0","","144","-1329","0","","0","0","0","","9","-378","0","","0","0","0","","25","569","0","","25","25","🚨 STOCKOUT","","","","",""
"2026-12-06","0","","144","-1473","0","","0","0","0","","8","-387","0","","0","0","0","","25","544","0","","24","24","🚨 STOCKOUT","","","","",""
"2026-12-07","0","","141","-1617","0","","0","0","0","","9","-395","0","","0","0","0","","25","519","0","","23","23","🚨 STOCKOUT","","","","",""
"2026-12-08","0","","141","-1758","0","","0","0","0","","9","-404","0","","0","0","0","","25","494","0","","22","22","🚨 STOCKOUT","","","","",""
"2026-12-09","0","","141","-1899","0","","0","0","0","","9","-413","0","","0","0","0","","25","469","0","","21","21","🚨 STOCKOUT","","","","",""
"2026-12-10","0","","141","-2040","0","","0","0","0","","9","-422","0","","0","0","0","","25","444","0","","20","20","🚨 STOCKOUT","","","","",""
"2026-12-11","0","","141","-2181","0","","0","0","0","","8","-431","0","","0","0","0","","25","419","0","","19","19","🚨 STOCKOUT","","","","",""
"2026-12-12","0","","141","-2322","0","","0","0","0","","8","-439","0","","0","0","0","","24","394","0","","18","18","🚨 STOCKOUT","","","","",""
"2026-12-13","0","","140","-2463","0","","0","0","0","","8","-447","0","","0","0","0","","24","370","0","","17","17","🚨 STOCKOUT","","","","",""
"2026-12-14","0","","138","-2603","0","","0","0","0","","9","-455","0","","0","0","0","","25","346","0","","16","16","🚨 STOCKOUT","","","","",""
"2026-12-15","0","","137","-2741","0","","0","0","0","","9","-464","0","","0","0","0","","24","321","0","","15","15","🚨 STOCKOUT","","","","",""
"2026-12-16","0","","137","-2878","0","","0","0","0","","8","-473","0","","0","0","0","","24","297","0","","14","14","🚨 STOCKOUT","","","","",""
"2026-12-17","0","","137","-3015","0","","0","0","0","","8","-481","0","","0","0","0","","24","273","0","","13","13","🚨 STOCKOUT","","","","",""
"2026-12-18","0","","137","-3152","0","","0","0","0","","8","-489","0","","0","0","0","","24","249","0","","12","12","🚨 STOCKOUT","","","","",""
"2026-12-19","0","","137","-3289","0","","0","0","0","","8","-497","0","","0","0","0","","24","225","0","","11","11","🚨 STOCKOUT","","","","",""
"2026-12-20","0","","137","-3426","0","","0","0","0","","8","-505","0","","0","0","0","","24","201","0","","10","10","🚨 STOCKOUT","","","","",""
"2026-12-21","0","","103","-3563","0","","0","0","0","","7","-513","0","","0","0","0","","18","177","0","","9","9","🚨 STOCKOUT","","","","",""
"2026-12-22","0","","103","-3666","0","","0","0","0","","7","-520","0","","0","0","0","","18","159","0","","8","8","🚨 STOCKOUT","","","","",""
"2026-12-23","0","","103","-3769","0","","0","0","0","","6","-527","0","","0","0","0","","18","141","0","","7","7","🚨 STOCKOUT","","","","",""
"2026-12-24","0","","103","-3872","0","","0","0","0","","6","-533","0","","0","0","0","","18","123","0","","6","6","🚨 STOCKOUT","","","","",""
"2026-12-25","0","","103","-3975","0","","0","0","0","","6","-539","0","","0","0","0","","18","105","0","","5","5","🚨 STOCKOUT","","","","",""
"2026-12-26","0","","103","-4078","0","","0","0","0","","6","-545","0","","0","0","0","","18","87","0","","4","4","🚨 STOCKOUT","","","","",""
"2026-12-27","0","","102","-4181","0","","0","0","0","","6","-551","0","","0","0","0","","18","69","0","","3","3","🚨 STOCKOUT","","","","",""
"2026-12-28","0","","115","-4283","0","","0","0","0","","7","-557","0","","0","0","0","","21","51","0","","2","2","🚨 STOCKOUT","","","","",""
"2026-12-29","0","","115","-4398","0","","0","0","0","","7","-564","0","","0","0","0","","20","30","0","","1","1","🚨 STOCKOUT","","","","",""
"2026-12-30","0","","114","-4513","0","","0","0","0","","7","-571","0","","0","0","0","","20","10","0","","0","0","🚨 STOCKOUT","","","","",""
"2026-12-31","0","","114","-4627","0","","0","0","0","","7","-578","0","","0","0","0","","20","-10","0","","0","0","🚨 STOCKOUT","","","","",""
"2027-01-01","0","","114","-4741","0","","0","0","0","","7","-585","0","","0","0","0","","20","-30","0","","0","0","🚨 STOCKOUT","","","","",""
"2027-01-02","0","","114","-4855","0","","0","0","0","","7","-592","0","","0","0","0","","20","-50","0","","0","0","🚨 STOCKOUT","","","","",""
"2027-01-03","0","","114","-4969","0","","0","0","0","","7","-599","0","","0","0","0","","20","-70","0","","0","0","🚨 STOCKOUT","","","","",""
"2027-01-04","0","","134","-5083","0","","0","0","0","","9","-606","0","","0","0","0","","24","-90","0","","0","0","🚨 STOCKOUT","","","","",""
"2027-01-05","0","","134","-5217","0","","0","0","0","","8","-615","0","","0","0","0","","24","-114","0","","0","0","🚨 STOCKOUT","","","","",""
"2027-01-06","0","","133","-5351","0","","0","0","0","","8","-623","0","","0","0","0","","24","-138","0","","0","0","🚨 STOCKOUT","","","","",""
"2027-01-07","0","","133","-5484","0","","0","0","0","","8","-631","0","","0","0","0","","23","-162","0","","0","0","🚨 STOCKOUT","","","","",""
"2027-01-08","0","","133","-5617","0","","0","0","0","","8","-639","0","","0","0","0","","23","-185","0","","0","0","🚨 STOCKOUT","","","","",""
"2027-01-09","0","","133","-5750","0","","0","0","0","","8","-647","0","","0","0","0","","23","-208","0","","0","0","🚨 STOCKOUT","","","","",""
"2027-01-10","0","","133","-5883","0","","0","0","0","","8","-655","0","","0","0","0","","23","-231","0","","0","0","🚨 STOCKOUT","","","","",""
"2027-01-11","0","","122","-6016","0","","0","0","0","","8","-663","0","","0","0","0","","22","-254","0","","0","0","🚨 STOCKOUT","","","","",""
"2027-01-12","0","","122","-6138","0","","0","0","0","","8","-671","0","","0","0","0","","22","-276","0","","0","0","🚨 STOCKOUT","","","","",""
"2027-01-13","0","","122","-6260","0","","0","0","0","","8","-679","0","","0","0","0","","22","-298","0","","0","0","🚨 STOCKOUT","","","","",""
"2027-01-14","0","","122","-6382","0","","0","0","0","","7","-687","0","","0","0","0","","21","-320","0","","0","0","🚨 STOCKOUT","","","","",""
"2027-01-15","0","","122","-6504","0","","0","0","0","","7","-694","0","","0","0","0","","21","-341","0","","0","0","🚨 STOCKOUT","","","","",""
"2027-01-16","0","","122","-6626","0","","0","0","0","","7","-701","0","","0","0","0","","21","-362","0","","0","0","🚨 STOCKOUT","","","","",""
"2027-01-17","0","","121","-6748","0","","0","0","0","","7","-708","0","","0","0","0","","21","-383","0","","0","0","🚨 STOCKOUT","","","","",""
"2027-01-18","0","","115","-6869","0","","0","0","0","","7","-715","0","","0","0","0","","21","-404","0","","0","0","🚨 STOCKOUT","","","","",""
"2027-01-19","0","","115","-6984","0","","0","0","0","","7","-722","0","","0","0","0","","20","-425","0","","0","0","🚨 STOCKOUT","","","","",""
"2027-01-20","0","","114","-7099","0","","0","0","0","","7","-729","0","","0","0","0","","20","-445","0","","0","0","🚨 STOCKOUT","","","","",""
"2027-01-21","0","","114","-7213","0","","0","0","0","","7","-736","0","","0","0","0","","20","-465","0","","0","0","🚨 STOCKOUT","","","","",""
"2027-01-22","0","","114","-7327","0","","0","0","0","","7","-743","0","","0","0","0","","20","-485","0","","0","0","🚨 STOCKOUT","","","","",""
"2027-01-23","0","","114","-7441","0","","0","0","0","","7","-750","0","","0","0","0","","20","-505","0","","0","0","🚨 STOCKOUT","","","","",""
"2027-01-24","0","","114","-7555","0","","0","0","0","","7","-757","0","","0","0","0","","20","-525","0","","0","0","🚨 STOCKOUT","","","","",""
"2027-01-25","0","","115","-7669","0","","0","0","0","","7","-764","0","","0","0","0","","21","-545","0","","0","0","🚨 STOCKOUT","","","","",""
"2027-01-26","0","","115","-7784","0","","0","0","0","","7","-771","0","","0","0","0","","20","-566","0","","0","0","🚨 STOCKOUT","","","","",""
"2027-01-27","0","","114","-7899","0","","0","0","0","","7","-778","0","","0","0","0","","20","-586","0","","0","0","🚨 STOCKOUT","","","","",""
"2027-01-28","0","","114","-8013","0","","0","0","0","","7","-785","0","","0","0","0","","20","-606","0","","0","0","🚨 STOCKOUT","","","","",""
"2027-01-29","0","","114","-8127","0","","0","0","0","","7","-792","0","","0","0","0","","20","-626","0","","0","0","🚨 STOCKOUT","","","","",""
"2027-01-30","0","","114","-8241","0","","0","0","0","","7","-799","0","","0","0","0","","20","-646","0","","0","0","🚨 STOCKOUT","","","","",""
"2027-01-31","0","","114","-8355","0","","0","0","0","","7","-806","0","","0","0","0","","20","-666","0","","0","0","🚨 STOCKOUT","","","","",""
"2027-02-01","0","","115","-8469","0","","0","0","0","","7","-813","0","","0","0","0","","21","-686","0","","0","0","🚨 STOCKOUT","","","","",""
"2027-02-02","0","","115","-8584","0","","0","0","0","","7","-820","0","","0","0","0","","20","-707","0","","0","0","🚨 STOCKOUT","","","","",""
"2027-02-03","0","","114","-8699","0","","0","0","0","","7","-827","0","","0","0","0","","20","-727","0","","0","0","🚨 STOCKOUT","","","","",""
"2027-02-04","0","","114","-8813","0","","0","0","0","","7","-834","0","","0","0","0","","20","-747","0","","0","0","🚨 STOCKOUT","","","","",""
"2027-02-05","0","","114","-8927","0","","0","0","0","","7","-841","0","","0","0","0","","20","-767","0","","0","0","🚨 STOCKOUT","","","","",""
"2027-02-06","0","","114","-9041","0","","0","0","0","","7","-848","0","","0","0","0","","20","-787","0","","0","0","🚨 STOCKOUT","","","","",""
"2027-02-07","0","","114","-9155","0","","0","0","0","","7","-855","0","","0","0","0","","20","-807","0","","0","0","🚨 STOCKOUT","","","","",""
"2027-02-08","0","","115","-9269","0","","0","0","0","","7","-862","0","","0","0","0","","21","-827","0","","0","0","🚨 STOCKOUT","","","","",""
"2027-02-09","0","","115","-9384","0","","0","0","0","","7","-869","0","","0","0","0","","20","-848","0","","0","0","🚨 STOCKOUT","","","","",""
"2027-02-10","0","","114","-9499","0","","0","0","0","","7","-876","0","","0","0","0","","20","-868","0","","0","0","🚨 STOCKOUT","","","","",""
"2027-02-11","0","","114","-9613","0","","0","0","0","","7","-883","0","","0","0","0","","20","-888","0","","0","0","🚨 STOCKOUT","","","","",""
"2027-02-12","0","","114","-9727","0","","0","0","0","","7","-890","0","","0","0","0","","20","-908","0","","0","0","🚨 STOCKOUT","","","","",""
"2027-02-13","0","","114","-9841","0","","0","0","0","","7","-897","0","","0","0","0","","20","-928","0","","0","0","🚨 STOCKOUT","","","","",""
"2027-02-14","0","","114","-9955","0","","0","0","0","","7","-904","0","","0","0","0","","20","-948","0","","0","0","🚨 STOCKOUT","","","","",""
"2027-02-15","0","","115","-10069","0","","0","0","0","","7","-911","0","","0","0","0","","21","-968","0","","0","0","🚨 STOCKOUT","","","","",""
"2027-02-16","0","","115","-10184","0","","0","0","0","","7","-918","0","","0","0","0","","20","-989","0","","0","0","🚨 STOCKOUT","","","","",""
"2027-02-17","0","","114","-10299","0","","0","0","0","","7","-925","0","","0","0","0","","20","-1009","0","","0","0","🚨 STOCKOUT","","","","",""
"2027-02-18","0","","114","-10413","0","","0","0","0","","7","-932","0","","0","0","0","","20","-1029","0","","0","0","🚨 STOCKOUT","","","","",""
"2027-02-19","0","","114","-10527","0","","0","0","0","","7","-939","0","","0","0","0","","20","-1049","0","","0","0","🚨 STOCKOUT","","","","",""
"2027-02-20","0","","114","-10641","0","","0","0","0","","7","-946","0","","0","0","0","","20","-1069","0","","0","0","🚨 STOCKOUT","","","","",""
"2027-02-21","0","","114","-10755","0","","0","0","0","","7","-953","0","","0","0","0","","20","-1089","0","","0","0","🚨 STOCKOUT","","","","",""
"2027-02-22","0","","115","-10869","0","","0","0","0","","7","-960","0","","0","0","0","","21","-1109","0","","0","0","🚨 STOCKOUT","","","","",""
"2027-02-23","0","","115","-10984","0","","0","0","0","","7","-967","0","","0","0","0","","20","-1130","0","","0","0","🚨 STOCKOUT","","","","",""
"2027-02-24","0","","114","-11099","0","","0","0","0","","7","-974","0","","0","0","0","","20","-1150","0","","0","0","🚨 STOCKOUT","","","","",""
"2027-02-25","0","","114","-11213","0","","0","0","0","","7","-981","0","","0","0","0","","20","-1170","0","","0","0","🚨 STOCKOUT","","","","",""
"2027-02-26","0","","114","-11327","0","","0","0","0","","7","-988","0","","0","0","0","","20","-1190","0","","0","0","🚨 STOCKOUT","","","","",""
"2027-02-27","0","","114","-11441","0","","0","0","0","","7","-995","0","","0","0","0","","20","-1210","0","","0","0","🚨 STOCKOUT","","","","",""
"2027-02-28","0","","114","-11555","0","","0","0","0","","7","-1002","0","","0","0","0","","20","-1230","0","","0","0","🚨 STOCKOUT","","","","",""
"2027-03-01","0","","500.5","-11669","0","","0","0","0","","22.9821","-1009","0","","0","0","0","","80.6929","-1250","0","","0","0","🚨 STOCKOUT","","","","",""
"2027-03-02","0","","500.5","-12169.5","0","","0","0","0","","22.9821","-1031.9821","0","","0","0","0","","80.6929","-1330.6929","0","","0","0","🚨 STOCKOUT","","","","",""
"2027-03-03","0","","500.5","-12670","0","","0","0","0","","22.9821","-1054.9642","0","","0","0","0","","80.6929","-1411.3858","0","","0","0","🚨 STOCKOUT","","","","",""
"2027-03-04","0","","500.5","-13170.5","0","","0","0","0","","22.9821","-1077.9462999999998","0","","0","0","0","","80.6929","-1492.0787","0","","0","0","🚨 STOCKOUT","","","","",""
"2027-03-05","0","","500.5","-13671","0","","0","0","0","","22.9821","-1100.9283999999998","0","","0","0","0","","80.6929","-1572.7716","0","","0","0","🚨 STOCKOUT","","","","",""
"2027-03-06","0","","500.5","-14171.5","0","","0","0","0","","22.9821","-1123.9104999999997","0","","0","0","0","","80.6929","-1653.4645","0","","0","0","🚨 STOCKOUT","","","","",""
"2027-03-07","0","","500.5","-14672","0","","0","0","0","","22.9821","-1146.8925999999997","0","","0","0","0","","80.6929","-1734.1574","0","","0","0","🚨 STOCKOUT","","","","",""
"2027-03-08","0","","500.5","-15172.5","0","","0","0","0","","22.9821","-1169.8746999999996","0","","0","0","0","","80.6929","-1814.8503","0","","0","0","🚨 STOCKOUT","","","","",""
"2027-03-09","0","","500.5","-15673","0","","0","0","0","","22.9821","-1192.8567999999996","0","","0","0","0","","80.6929","-1895.5432","0","","0","0","🚨 STOCKOUT","","","","",""
"2027-03-10","0","","500.5","-16173.5","0","","0","0","0","","22.9821","-1215.8388999999995","0","","0","0","0","","80.6929","-1976.2361","0","","0","0","🚨 STOCKOUT","","","","",""
"2027-03-11","0","","500.5","-16674","0","","0","0","0","","22.9821","-1238.8209999999995","0","","0","0","0","","80.6929","-2056.929","0","","0","0","🚨 STOCKOUT","","","","",""
"2027-03-12","0","","500.5","-17174.5","0","","0","0","0","","22.9821","-1261.8030999999994","0","","0","0","0","","80.6929","-2137.6219","0","","0","0","🚨 STOCKOUT","","","","",""
"2027-03-13","0","","500.5","-17675","0","","0","0","0","","22.9821","-1284.7851999999993","0","","0","0","0","","80.6929","-2218.3148","0","","0","0","🚨 STOCKOUT","","","","",""
"2027-03-14","0","","500.5","-18175.5","0","","0","0","0","","22.9821","-1307.7672999999993","0","","0","0","0","","80.6929","-2299.0077","0","","0","0","🚨 STOCKOUT","","","","",""
"2027-03-15","0","","500.5","-18676","0","","0","0","0","","22.9821","-1330.7493999999992","0","","0","0","0","","80.6929","-2379.7006","0","","0","0","🚨 STOCKOUT","","","","",""
"2027-03-16","0","","500.5","-19176.5","0","","0","0","0","","22.9821","-1353.7314999999992","0","","0","0","0","","80.6929","-2460.3935","0","","0","0","🚨 STOCKOUT","","","","",""
"2027-03-17","0","","500.5","-19677","0","","0","0","0","","22.9821","-1376.7135999999991","0","","0","0","0","","80.6929","-2541.0864","0","","0","0","🚨 STOCKOUT","","","","",""
"2027-03-18","0","","500.5","-20177.5","0","","0","0","0","","22.9821","-1399.695699999999","0","","0","0","0","","80.6929","-2621.7793","0","","0","0","🚨 STOCKOUT","","","","",""
"2027-03-19","0","","500.5","-20678","0","","0","0","0","","22.9821","-1422.677799999999","0","","0","0","0","","80.6929","-2702.4722","0","","0","0","🚨 STOCKOUT","","","","",""
"2027-03-20","0","","500.5","-21178.5","0","","0","0","0","","22.9821","-1445.659899999999","0","","0","0","0","","80.6929","-2783.1651","0","","0","0","🚨 STOCKOUT","","","","",""
"2027-03-21","0","","500.5","-21679","0","","0","0","0","","22.9821","-1468.641999999999","0","","0","0","0","","80.6929","-2863.858","0","","0","0","🚨 STOCKOUT","","","","",""
"2027-03-22","0","","500.5","-22179.5","0","","0","0","0","","22.9821","-1491.6240999999989","0","","0","0","0","","80.6929","-2944.5509","0","","0","0","🚨 STOCKOUT","","","","",""
"2027-03-23","0","","500.5","-22680","0","","0","0","0","","22.9821","-1514.6061999999988","0","","0","0","0","","80.6929","-3025.2438","0","","0","0","🚨 STOCKOUT","","","","",""
"2027-03-24","0","","500.5","-23180.5","0","","0","0","0","","22.9821","-1537.5882999999988","0","","0","0","0","","80.6929","-3105.9367","0","","0","0","🚨 STOCKOUT","","","","",""
"2027-03-25","0","","500.5","-23681","0","","0","0","0","","22.9821","-1560.5703999999987","0","","0","0","0","","80.6929","-3186.6296","0","","0","0","🚨 STOCKOUT","","","","",""
"2027-03-26","0","","500.5","-24181.5","0","","0","0","0","","22.9821","-1583.5524999999986","0","","0","0","0","","80.6929","-3267.3225","0","","0","0","🚨 STOCKOUT","","","","",""
"2027-03-27","0","","500.5","-24682","0","","0","0","0","","22.9821","-1606.5345999999986","0","","0","0","0","","80.6929","-3348.0154","0","","0","0","🚨 STOCKOUT","","","","",""
"2027-03-28","0","","500.5","-25182.5","0","","0","0","0","","22.9821","-1629.5166999999985","0","","0","0","0","","80.6929","-3428.7083000000002","0","","0","0","🚨 STOCKOUT","","","","",""
"2027-03-29","0","","500.5","-25683","0","","0","0","0","","22.9821","-1652.4987999999985","0","","0","0","0","","80.6929","-3509.4012000000002","0","","0","0","🚨 STOCKOUT","","","","",""
"2027-03-30","0","","500.5","-26183.5","0","","0","0","0","","22.9821","-1675.4808999999984","0","","0","0","0","","80.6929","-3590.0941000000003","0","","0","0","🚨 STOCKOUT","","","","",""
"2027-03-31","0","","500.5","-26684","0","","0","0","0","","22.9821","-1698.4629999999984","0","","0","0","0","","80.6929","-3670.7870000000003","0","","0","0","🚨 STOCKOUT","","","","",""
"2027-04-01","0","","500.5","-27184.5","0","","0","0","0","","22.9821","-1721.4450999999983","0","","0","0","0","","80.6929","-3751.4799000000003","0","","0","0","🚨 STOCKOUT","","","","",""
"2027-04-02","0","","500.5","-27685","0","","0","0","0","","22.9821","-1744.4271999999983","0","","0","0","0","","80.6929","-3832.1728000000003","0","","0","0","🚨 STOCKOUT","","","","",""
"2027-04-03","0","","500.5","-28185.5","0","","0","0","0","","22.9821","-1767.4092999999982","0","","0","0","0","","80.6929","-3912.8657000000003","0","","0","0","🚨 STOCKOUT","","","","",""
"2027-04-04","0","","500.5","-28686","0","","0","0","0","","22.9821","-1790.3913999999982","0","","0","0","0","","80.6929","-3993.5586000000003","0","","0","0","🚨 STOCKOUT","","","","",""
"2027-04-05","0","","500.5","-29186.5","0","","0","0","0","","22.9821","-1813.373499999998","0","","0","0","0","","80.6929","-4074.2515000000003","0","","0","0","🚨 STOCKOUT","","","","",""
"2027-04-06","0","","500.5","-29687","0","","0","0","0","","22.9821","-1836.355599999998","0","","0","0","0","","80.6929","-4154.9444","0","","0","0","🚨 STOCKOUT","","","","",""
"2027-04-07","0","","500.5","-30187.5","0","","0","0","0","","22.9821","-1859.337699999998","0","","0","0","0","","80.6929","-4235.6373","0","","0","0","🚨 STOCKOUT","","","","",""
"2027-04-08","0","","500.5","-30688","0","","0","0","0","","22.9821","-1882.319799999998","0","","0","0","0","","80.6929","-4316.3302","0","","0","0","🚨 STOCKOUT","","","","",""
"2027-04-09","0","","500.5","-31188.5","0","","0","0","0","","22.9821","-1905.3018999999979","0","","0","0","0","","80.6929","-4397.0231","0","","0","0","🚨 STOCKOUT","","","","",""
"2027-04-10","0","","500.5","-31689","0","","0","0","0","","22.9821","-1928.2839999999978","0","","0","0","0","","80.6929","-4477.716","0","","0","0","🚨 STOCKOUT","","","","",""
"2027-04-11","0","","500.5","-32189.5","0","","0","0","0","","22.9821","-1951.2660999999978","0","","0","0","0","","80.6929","-4558.4089","0","","0","0","🚨 STOCKOUT","","","","",""
"2027-04-12","0","","500.5","-32690","0","","0","0","0","","22.9821","-1974.2481999999977","0","","0","0","0","","80.6929","-4639.1018","0","","0","0","🚨 STOCKOUT","","","","",""
"2027-04-13","0","","500.5","-33190.5","0","","0","0","0","","22.9821","-1997.2302999999977","0","","0","0","0","","80.6929","-4719.7947","0","","0","0","🚨 STOCKOUT","","","","",""
"2027-04-14","0","","500.5","-33691","0","","0","0","0","","22.9821","-2020.2123999999976","0","","0","0","0","","80.6929","-4800.4876","0","","0","0","🚨 STOCKOUT","","","","",""
"2027-04-15","0","","500.5","-34191.5","0","","0","0","0","","22.9821","-2043.1944999999976","0","","0","0","0","","80.6929","-4881.1805","0","","0","0","🚨 STOCKOUT","","","","",""
"2027-04-16","0","","500.5","-34692","0","","0","0","0","","22.9821","-2066.1765999999975","0","","0","0","0","","80.6929","-4961.8734","0","","0","0","🚨 STOCKOUT","","","","",""
"2027-04-17","0","","500.5","-35192.5","0","","0","0","0","","22.9821","-2089.1586999999977","0","","0","0","0","","80.6929","-5042.5663","0","","0","0","🚨 STOCKOUT","","","","",""
"2027-04-18","0","","500.5","-35693","0","","0","0","0","","22.9821","-2112.140799999998","0","","0","0","0","","80.6929","-5123.2592","0","","0","0","🚨 STOCKOUT","","","","",""
"2027-04-19","0","","500.5","-36193.5","0","","0","0","0","","22.9821","-2135.122899999998","0","","0","0","0","","80.6929","-5203.9521","0","","0","0","🚨 STOCKOUT","","","","",""
"2027-04-20","0","","500.5","-36694","0","","0","0","0","","22.9821","-2158.104999999998","0","","0","0","0","","80.6929","-5284.645","0","","0","0","🚨 STOCKOUT","","","","",""
"2027-04-21","0","","500.5","-37194.5","0","","0","0","0","","22.9821","-2181.0870999999984","0","","0","0","0","","80.6929","-5365.3379","0","","0","0","🚨 STOCKOUT","","","","",""
"2027-04-22","0","","500.5","-37695","0","","0","0","0","","22.9821","-2204.0691999999985","0","","0","0","0","","80.6929","-5446.0308","0","","0","0","🚨 STOCKOUT","","","","",""
"2027-04-23","0","","500.5","-38195.5","0","","0","0","0","","22.9821","-2227.0512999999987","0","","0","0","0","","80.6929","-5526.7237000000005","0","","0","0","🚨 STOCKOUT","","","","",""
"2027-04-24","0","","500.5","-38696","0","","0","0","0","","22.9821","-2250.033399999999","0","","0","0","0","","80.6929","-5607.4166000000005","0","","0","0","🚨 STOCKOUT","","","","",""
"2027-04-25","0","","500.5","-39196.5","0","","0","0","0","","22.9821","-2273.015499999999","0","","0","0","0","","80.6929","-5688.1095000000005","0","","0","0","🚨 STOCKOUT","","","","",""
"2027-04-26","0","","500.5","-39697","0","","0","0","0","","22.9821","-2295.9975999999992","0","","0","0","0","","80.6929","-5768.8024000000005","0","","0","0","🚨 STOCKOUT","","","","",""
"2027-04-27","0","","500.5","-40197.5","0","","0","0","0","","22.9821","-2318.9796999999994","0","","0","0","0","","80.6929","-5849.4953000000005","0","","0","0","🚨 STOCKOUT","","","","",""
"2027-04-28","0","","500.5","-40698","0","","0","0","0","","22.9821","-2341.9617999999996","0","","0","0","0","","80.6929","-5930.1882000000005","0","","0","0","🚨 STOCKOUT","","","","",""
"2027-04-29","0","","500.5","-41198.5","0","","0","0","0","","22.9821","-2364.9438999999998","0","","0","0","0","","80.6929","-6010.8811000000005","0","","0","0","🚨 STOCKOUT","","","","",""
"2027-04-30","0","","500.5","-41699","0","","0","0","0","","22.9821","-2387.926","0","","0","0","0","","80.6929","-6091.5740000000005","0","","0","0","🚨 STOCKOUT","","","","",""
"2027-05-01","0","","500.5","-42199.5","0","","0","0","0","","22.9821","-2410.9081","0","","0","0","0","","80.6929","-6172.2669000000005","0","","0","0","🚨 STOCKOUT","","","","",""
"2027-05-02","0","","500.5","-42700","0","","0","0","0","","22.9821","-2433.8902000000003","0","","0","0","0","","80.6929","-6252.9598000000005","0","","0","0","🚨 STOCKOUT","","","","",""
"2027-05-03","0","","500.5","-43200.5","0","","0","0","0","","22.9821","-2456.8723000000005","0","","0","0","0","","80.6929","-6333.652700000001","0","","0","0","🚨 STOCKOUT","","","","",""
"2027-05-04","0","","500.5","-43701","0","","0","0","0","","22.9821","-2479.8544000000006","0","","0","0","0","","80.6929","-6414.345600000001","0","","0","0","🚨 STOCKOUT","","","","",""
"2027-05-05","0","","500.5","-44201.5","0","","0","0","0","","","-2502.836500000001","0","","0","0","0","","80.6929","-6495.038500000001","0","","0","0","🚨 STOCKOUT","","","","",""
"2027-05-06","0","","","-44702","0","","0","0","0","","","-2502.836500000001","0","","0","0","0","","80.6929","-6575.731400000001","0","","0","0","🚨 STOCKOUT","","","","",""
"2027-05-07","0","","","-44702","0","","0","0","0","","","-2502.836500000001","0","","0","0","0","","80.6929","-6656.424300000001","0","","0","0","🚨 STOCKOUT","","","","",""
"2027-05-08","0","","","-44702","0","","0","0","0","","","-2502.836500000001","0","","0","0","0","","80.6929","-6737.117200000001","0","","0","0","🚨 STOCKOUT","","","","",""
"2027-05-09","0","","","-44702","0","","0","0","0","","","-2502.836500000001","0","","0","0","0","","80.6929","-6817.810100000001","0","","0","0","🚨 STOCKOUT","","","","",""
"2027-05-10","0","","","-44702","0","","0","0","0","","","-2502.836500000001","0","","0","0","0","","80.6929","-6898.503000000001","0","","0","0","🚨 STOCKOUT","","","","",""
"2027-05-11","0","","","-44702","0","","0","0","0","","","-2502.836500000001","0","","0","0","0","","80.6929","-6979.195900000001","0","","0","0","🚨 STOCKOUT","","","","",""
"2027-05-12","0","","","-44702","0","","0","0","0","","","-2502.836500000001","0","","0","0","0","","80.6929","-7059.888800000001","0","","0","0","🚨 STOCKOUT","","","","",""
"2027-05-13","0","","","-44702","0","","0","0","0","","","-2502.836500000001","0","","0","0","0","","80.6929","-7140.581700000001","0","","0","0","🚨 STOCKOUT","","","","",""
"2027-05-14","0","","","-44702","0","","0","0","0","","","-2502.836500000001","0","","0","0","0","","80.6929","-7221.274600000001","0","","0","0","🚨 STOCKOUT","","","","",""
"2027-05-15","0","","","-44702","0","","0","0","0","","","-2502.836500000001","0","","0","0","0","","80.6929","-7301.967500000001","0","","0","0","🚨 STOCKOUT","","","","",""
"2027-05-16","0","","","-44702","0","","0","0","0","","","-2502.836500000001","0","","0","0","0","","80.6929","-7382.660400000001","0","","0","0","🚨 STOCKOUT","","","","",""
"2027-05-17","0","","","-44702","0","","0","0","0","","","-2502.836500000001","0","","0","0","0","","80.6929","-7463.353300000001","0","","0","0","🚨 STOCKOUT","","","","",""
"2027-05-18","0","","","-44702","0","","0","0","0","","","-2502.836500000001","0","","0","0","0","","80.6929","-7544.046200000001","0","","0","0","🚨 STOCKOUT","","","","",""
"2027-05-19","0","","","-44702","0","","0","0","0","","","-2502.836500000001","0","","0","0","0","","80.6929","-7624.739100000001","0","","0","0","🚨 STOCKOUT","","","","",""
"2027-05-20","0","","","-44702","0","","0","0","0","","","-2502.836500000001","0","","0","0","0","","80.6929","-7705.432000000001","0","","0","0","🚨 STOCKOUT","","","","",""
"2027-05-21","0","","","-44702","0","","0","0","0","","","-2502.836500000001","0","","0","0","0","","80.6929","-7786.124900000001","0","","0","0","🚨 STOCKOUT","","","","",""
"2027-05-22","0","","","-44702","0","","0","0","0","","","-2502.836500000001","0","","0","0","0","","80.6929","-7866.817800000001","0","","0","0","🚨 STOCKOUT","","","","",""
"2027-05-23","0","","","-44702","0","","0","0","0","","","-2502.836500000001","0","","0","0","0","","80.6929","-7947.510700000001","0","","0","0","🚨 STOCKOUT","","","","",""
"2027-05-24","0","","","-44702","0","","0","0","0","","","-2502.836500000001","0","","0","0","0","","80.6929","-8028.203600000001","0","","0","0","🚨 STOCKOUT","","","","",""
"2027-05-25","0","","","-44702","0","","0","0","0","","","-2502.836500000001","0","","0","0","0","","80.6929","-8108.896500000001","0","","0","0","🚨 STOCKOUT","","","","",""
"2027-05-26","0","","","-44702","0","","0","0","0","","","-2502.836500000001","0","","0","0","0","","80.6929","-8189.589400000001","0","","0","0","🚨 STOCKOUT","","","","",""
"2027-05-27","0","","","-44702","0","","0","0","0","","","-2502.836500000001","0","","0","0","0","","80.6929","-8270.2823","0","","0","0","🚨 STOCKOUT","","","","",""
"2027-05-28","0","","","-44702","0","","0","0","0","","","-2502.836500000001","0","","0","0","0","","80.6929","-8350.9752","0","","0","0","🚨 STOCKOUT","","","","",""
"2027-05-29","0","","","-44702","0","","0","0","0","","","-2502.836500000001","0","","0","0","0","","80.6929","-8431.6681","0","","0","0","🚨 STOCKOUT","","","","",""
"2027-05-30","0","","","-44702","0","","0","0","0","","","-2502.836500000001","0","","0","0","0","","80.6929","-8512.361","0","","0","0","🚨 STOCKOUT","","","","",""
"2027-05-31","0","","","-44702","0","","0","0","0","","","-2502.836500000001","0","","0","0","0","","80.6929","-8593.0539","0","","0","0","🚨 STOCKOUT","","","","",""
"2027-06-01","0","","","-44702","0","","0","0","0","","","-2502.836500000001","0","","0","0","0","","80.6929","-8673.7468","0","","0","0","🚨 STOCKOUT","","","","",""
"2027-06-02","0","","","-44702","0","","0","0","0","","","-2502.836500000001","0","","0","0","0","","35","-8754.4397","0","","0","0","🚨 STOCKOUT","","","","",""
"2027-06-03","0","","","-44702","0","","0","0","0","","","-2502.836500000001","0","","0","0","0","","35","-8789.4397","0","","0","0","🚨 STOCKOUT","","","","",""
"2027-06-04","0","","","-44702","0","","0","0","0","","","-2502.836500000001","0","","0","0","0","","35","-8824.4397","0","","0","0","🚨 STOCKOUT","","","","",""
"2027-06-05","0","","","-44702","0","","0","0","0","","","-2502.836500000001","0","","0","0","0","","35","-8859.4397","0","","0","0","🚨 STOCKOUT","","","","",""
"2027-06-06","0","","","-44702","0","","0","0","0","","","-2502.836500000001","0","","0","0","0","","35","-8894.4397","0","","0","0","🚨 STOCKOUT","","","","",""
"2027-06-07","0","","","-44702","0","","0","0","0","","","-2502.836500000001","0","","0","0","0","","35","-8929.4397","0","","0","0","🚨 STOCKOUT","","","","",""
"2027-06-08","0","","","-44702","0","","0","0","0","","","-2502.836500000001","0","","0","0","0","","35","-8964.4397","0","","0","0","🚨 STOCKOUT","","","","",""
"2027-06-09","0","","","-44702","0","","0","0","0","","","-2502.836500000001","0","","0","0","0","","35","-8999.4397","0","","0","0","🚨 STOCKOUT","","","","",""
"2027-06-10","0","","","-44702","0","","0","0","0","","","-2502.836500000001","0","","0","0","0","","35","-9034.4397","0","","0","0","🚨 STOCKOUT","","","","",""
