"Transaction ID","Due/Scheduled date","Date paid","Type","Amount","Currency","FX rate on transaction date","Amount (EUR)","Counterparty","Expense category","Channel/warehouse","Status","Reconciled","Supporting document","Notes","PO#/Shipment Ref"
"TXN-0001","2026-06-27","2026-06-27","vendor payment","166.57","EUR","","166.57","Hangzhou Miqiu Internet Technology Co., Ltd","Fulfillment","Mutual","paid","FALSE","166.57 EUR_26.06.2026_Hangzhou Miqiu Internet Technology Co., Ltd.pdf","",""
"TXN-0002","2026-06-27","2026-06-27","vendor payment","3534.78","EUR","","3534.78","Hangzhou Miqiu Internet Technology Co., Ltd","Fulfillment","Mutual","paid","FALSE","3534.78 EUR_26.06.2026_Hangzhou Miqiu Internet Technology Co.,Ltd (1).pdf","",""
"TXN-0003","2026-06-27","2026-06-27","vendor payment","1738.82","EUR","","1738.82","Hangzhou Miqiu Internet Technology Co., Ltd","Fulfillment","Mutual","paid","FALSE","1738.82 EUR _26.06.2026_Hangzhou Miqiu Internet Technology Co.,Ltd (1).pdf","",""
"TXN-0004","2026-06-27","2026-06-27","vendor payment","639.82","EUR","","639.82","Hangzhou Miqiu Internet Technology Co., Ltd","Fulfillment","Mutual","paid","FALSE","639,82 EUR_27.06.2026_Hangzhou Miqiu Internet Technology Co.,Ltd.pdf","",""
"TXN-0005","2026-07-02","2026-07-02","vendor payment","1906.55","EUR","","1906.55","Hangzhou Miqiu Internet Technology Co., Ltd","Fulfillment","Mutual","paid","FALSE","1906.55 EUR_29.06.2026_Hangzhou Miqiu Internet Technology Co.,Ltd.pdf","",""
"TXN-0006","2026-07-02","2026-07-02","vendor payment","458.55","EUR","","458.55","Hangzhou Miqiu Internet Technology Co., Ltd","Fulfillment","Mutual","paid","FALSE","458,55 EUR_01.07.2026_Hangzhou Miqiu Internet Technology Co.,Ltd.pdf","",""
"TXN-0007","2026-07-02","2026-07-02","vendor payment","118.97","EUR","","118.97","Hangzhou Miqiu Internet Technology Co., Ltd","Fulfillment","Mutual","paid","FALSE","118.97 EUR_02.07.2026_Hangzhou Miqiu Internet Technology Co.,Ltd.pdf","",""
"TXN-0008","2026-07-02","2026-07-02","vendor payment","618.63","EUR","","618.63","Hangzhou Miqiu Internet Technology Co., Ltd","Fulfillment","Mutual","paid","FALSE","618.63 EUR_30.06.2026_Hangzhou Miqiu Internet Technology Co.,Ltd.pdf","",""
"TXN-0009","2026-07-09","2026-07-09","vendor payment","1660.84","EUR","","1660.84","Hangzhou Miqiu Internet Technology Co., Ltd","Fulfillment","Mutual","paid","FALSE","1660.84 EUR_06.07.2026_Hangzhou Miqiu Internet Technology Co.,Ltd.pdf","",""
"TXN-0010","2026-07-09","2026-07-09","vendor payment","893.26","EUR","","893.26","Hangzhou Miqiu Internet Technology Co., Ltd","Fulfillment","Mutual","paid","FALSE","893.26 EUR_07.07.2026_Hangzhou Miqiu Internet Technology Co.,Ltd.pdf","",""
"TXN-0011","2026-07-09","2026-07-09","vendor payment","613.39","EUR","","613.39","Hangzhou Miqiu Internet Technology Co., Ltd","Fulfillment","Mutual","paid","FALSE","613,39 EUR_08.07.2026_Hangzhou Miqiu Internet Technology Co.,Ltd.pdf","",""
"TXN-0012","2026-07-09","2026-07-09","vendor payment","115.97","EUR","","115.97","Hangzhou Miqiu Internet Technology Co., Ltd","Fulfillment","Mutual","paid","FALSE","115.97 EUR_03.07.2026_Hangzhou Miqiu Internet Technology Co.,Ltd.pdf","",""
"TXN-0013","2026-07-09","2026-07-09","vendor payment","435.95","EUR","","435.95","Hangzhou Miqiu Internet Technology Co., Ltd","Fulfillment","Mutual","paid","FALSE","435.95 EUR_04.07.2026_Hangzhou Miqiu Internet Technology Co.,Ltd.pdf","",""
"TXN-0014","2026-07-09","2026-07-09","vendor payment","603.96","EUR","","603.96","Hangzhou Miqiu Internet Technology Co., Ltd","Fulfillment","Mutual","paid","FALSE","603.96 EUR_09.07.2026_Hangzhou Miqiu Internet Technology Co.,Ltd.pdf","",""
"TXN-0015","2026-07-16","2026-07-16","vendor payment","10.17","EUR","","10.17","Hangzhou Miqiu Internet Technology Co., Ltd","Fulfillment","Mutual","paid","FALSE","10,17 EUR_10.07.2026_Hangzhou Miqiu Internet Technology Co., Ltd.pdf","",""
"TXN-0016","2026-07-16","2026-07-16","vendor payment","794.96","EUR","","794.96","Hangzhou Miqiu Internet Technology Co., Ltd","Fulfillment","Mutual","paid","FALSE","794.96 EUR_14.07.2026_Hangzhou Miqiu Internet Technology Co.,Ltd.pdf","",""
"TXN-0017","2026-07-16","2026-07-16","vendor payment","2349.31","EUR","","2349.31","Hangzhou Miqiu Internet Technology Co., Ltd","Fulfillment","Mutual","paid","FALSE","2349.31 EUR_13.07.2026_Hangzhou Miqiu Internet Technology Co.,Ltd.pdf","",""
"TXN-0018","2026-07-16","2026-07-16","vendor payment","779.65","EUR","","779.65","Hangzhou Miqiu Internet Technology Co., Ltd","Fulfillment","Mutual","paid","FALSE","779.65 EUR_16.07.2026_Hangzhou Miqiu Internet Technology Co.,Ltd.pdf","",""
"TXN-0019","2026-07-16","2026-07-16","vendor payment","883.51","EUR","","883.51","Hangzhou Miqiu Internet Technology Co., Ltd","Fulfillment","Mutual","paid","FALSE","883.51 EUR_15.07.2026_Hangzhou Miqiu Internet Technology Co.,Ltd.pdf","",""
"TXN-0020","2026-07-16","2026-07-16","vendor payment","709.62","EUR","","709.62","Hangzhou Miqiu Internet Technology Co., Ltd","Fulfillment","Mutual","paid","FALSE","709,62 EUR_10.07.2026_Hangzhou Miqiu Internet Technology Co.,Ltd.pdf","",""
"TXN-0021","2026-07-23","2026-07-23","vendor payment","571.98","EUR","","571.98","Hangzhou Miqiu Internet Technology Co., Ltd","Fulfillment","Mutual","paid","FALSE","571.98 EUR_22.07.2026_Hangzhou Miqiu Internet Technology Co.,Ltd.pdf","",""
"TXN-0022","2026-07-23","2026-07-23","vendor payment","598.4","EUR","","598.4","Hangzhou Miqiu Internet Technology Co., Ltd","Fulfillment","Mutual","paid","FALSE","598.40 EUR_23.07.2026_Hangzhou Miqiu Internet Technology Co.,Ltd.pdf","",""
"TXN-0023","2026-07-23","2026-07-23","vendor payment","609.29","EUR","","609.29","Hangzhou Miqiu Internet Technology Co., Ltd","Fulfillment","Mutual","paid","FALSE","609.29 EUR_17.07.2026_Hangzhou Miqiu Internet Technology Co.,Ltd.pdf","",""
"TXN-0024","2026-07-23","2026-07-23","vendor payment","686.44","EUR","","686.44","Hangzhou Miqiu Internet Technology Co., Ltd","Fulfillment","Mutual","paid","FALSE","686,44 EUR_18.07.2026_Hangzhou Miqiu Internet Technology Co.,Ltd.pdf","",""
"TXN-0025","2026-07-23","2026-07-23","vendor payment","13.68","EUR","","13.68","Hangzhou Miqiu Internet Technology Co., Ltd","Fulfillment","Mutual","paid","FALSE","13.68 EUR_20.07.2026_Hangzhou Miqiu Internet Technology Co., Ltd.pdf","",""
"TXN-0026","2026-07-23","2026-07-23","vendor payment","1431.35","EUR","","1431.35","Hangzhou Miqiu Internet Technology Co., Ltd","Fulfillment","Mutual","paid","FALSE","1431,35 EUR_20.07.2026_Hangzhou Miqiu Internet Technology Co.,Ltd.pdf","",""
"TXN-0027","2026-07-23","2026-07-23","vendor payment","778.07","EUR","","778.07","Hangzhou Miqiu Internet Technology Co., Ltd","Fulfillment","Mutual","paid","FALSE","778,07 EUR_21.0.2026_Hangzhou Miqiu Internet Technology Co.,Ltd.pdf","",""
"TXN-0028","2026-07-30","2026-07-30","vendor payment","2999.22","EUR","","2999.22","Hangzhou Miqiu Internet Technology Co., Ltd","Fulfillment","Mutual","paid","FALSE","2999.22 EUR__27.07.2026_Hangzhou Miqiu Internet Technology Co.,Ltd.pdf","",""
"TXN-0029","2026-07-30","2026-07-30","vendor payment","718.59","EUR","","718.59","Hangzhou Miqiu Internet Technology Co., Ltd","Fulfillment","Mutual","paid","FALSE","718.59  EUR_30.07.2026_Hangzhou Miqiu Internet Technology Co.,Ltd.pdf","",""
"TXN-0030","2026-07-30","2026-07-30","vendor payment","753.23","EUR","","753.23","Hangzhou Miqiu Internet Technology Co., Ltd","Fulfillment","Mutual","paid","FALSE","753.23 EUR_29.07.2026_Hangzhou Miqiu Internet Technology Co.,Ltd.pdf","",""
"TXN-0031","2026-07-30","2026-07-30","vendor payment","757.41","EUR","","757.41","Hangzhou Miqiu Internet Technology Co., Ltd","Fulfillment","Mutual","paid","FALSE","757.41 EUR_28.07.2026_Hangzhou Miqiu Internet Technology Co.,Ltd.pdf","",""
"TXN-0032","2026-07-30","2026-07-30","vendor payment","143.41","EUR","","143.41","Hangzhou Miqiu Internet Technology Co., Ltd","Fulfillment","Mutual","paid","FALSE","143,41 EUR_27.07.2026_Hangzhou Miqiu Internet Technology Co., Ltd.pdf","",""
"TXN-0033","2026-07-30","2026-07-30","vendor payment","706.67","EUR","","706.67","Hangzhou Miqiu Internet Technology Co., Ltd","Fulfillment","Mutual","paid","FALSE","706.67 EUR_24.07.2026_Hangzhou Miqiu Internet Technology Co.,Ltd.pdf","",""
"TXN-0034","2026-07-02","2026-07-02","vendor payment","15138.29","EUR","","15138.29","fly fulfillment GmbH","Fulfillment","FF","paid","FALSE","15 138,29 EUR_30.06.2026_fly fulfillment GmbH.pdf","",""
"TXN-0035","2026-07-15","2026-07-15","vendor payment","13460.58","EUR","","13460.58","fly fulfillment GmbH","Fulfillment","FF","paid","FALSE","13 406,58 EUR_14.07.2026_fly fulfillment GmbH.pdf","",""
"TXN-0036","2026-07-09","2026-07-09","vendor payment","29932.99","EUR","","29932.99","Expeditors International GmbH","Freight & Customs (incl. taxes)","FF","paid","FALSE","29 932,99  EUR_09.07.2026_Expeditors International GmbH.pdf","",""
"TXN-0037","2026-07-09","2026-07-09","vendor payment","29888.48","EUR","","29888.48","Expeditors International GmbH","Freight & Customs (incl. taxes)","FF","paid","FALSE","29 888,48 EUR_09.07.2026_Expeditors International GmbH.pdf","",""
"TXN-0038","2026-07-09","2026-07-09","vendor payment","28806.89","EUR","","28806.89","Expeditors International GmbH","Freight & Customs (incl. taxes)","FF","paid","FALSE","28 806,89 EUR_09.07.2026_Expeditors International GmbH.pdf","",""
"TXN-0039","2026-07-09","2026-07-09","vendor payment","28722.1","EUR","","28722.1","Expeditors International GmbH","Freight & Customs (incl. taxes)","FF","paid","FALSE","28 722,10 EUR_09.07.2026_Expeditors International GmbH.pdf","",""
"TXN-0040","2026-07-09","2026-07-09","vendor payment","9568.25","EUR","","9568.25","Expeditors International GmbH","Freight & Customs (incl. taxes)","FF","paid","FALSE","9568,25 EUR_09.07.2026_Expeditors International GmbH.pdf","",""
"TXN-0041","2026-07-09","2026-07-09","vendor payment","12847.64","EUR","","12847.64","Expeditors International GmbH","Freight & Customs (incl. taxes)","FF","paid","FALSE","12 847,64 EUR_09.07.2026_Expeditors International GmbH.pdf","",""
"TXN-0042","2026-07-21","2026-07-21","vendor payment","19056.71","EUR","","19056.71","Expeditors International GmbH","Freight & Customs (incl. taxes)","FF","paid","FALSE","19 056,71 EUR_20.07.2026_Expeditors International GmbH.pdf","","PO1-Wave3"
"TXN-0043","2026-07-23","2026-07-23","vendor payment","19209.21","EUR","","19209.21","Expeditors International GmbH","Freight & Customs (incl. taxes)","FF","paid","FALSE","19209,21 EUR_22.07.2026_Expeditors International GmbH (1).pdf","","PO1-Wave3"
"TXN-0044","2026-07-28","2026-07-28","vendor payment","11313.05","EUR","","11313.05","DHL Paket GmbH","Last Mile","FF","paid","FALSE","11 307,23 EUR_10.07.2026_DHL Paket GmbH.pdf","5,12 EUR_10.07.2026_DHL Paket GmbH.pdf",""
"TXN-0045","2026-06-22","2026-06-22","vendor payment","31.06","EUR","","31.06","Deutsche Post AG","Last Mile","FF","paid","FALSE","","",""
"TXN-0046","2026-07-02","2026-07-02","vendor payment","22331.48","EUR","","22331.48","Deutsche Post AG","Last Mile","FF","paid","FALSE","22 331,48 EUR_30.06.2026_DHL Paket GmbH.pdf","",""
"TXN-0047","2026-07-07","2026-07-07","vendor payment","2584.82","EUR","","2584.82","Deutsche Post AG","Last Mile","FF","paid","FALSE","2584,82 EUR_30.06.2026_Deutsche Post AG.pdf","",""
"TXN-0048","2026-07-23","2026-07-23","vendor payment","9159.56","EUR","","9159.56","Deutsche Post AG","Last Mile","FF","paid","FALSE","9159,56 EUR_20.07.2026_DHL Paket GmbH.pdf","",""
"TXN-0049","2026-07-23","2026-07-23","vendor payment","11084.75","EUR","","11084.75","Deutsche Post AG","Last Mile","FF","paid","FALSE","11 084,75 EUR_20.07.2026_DHL Paket GmbH.pdf","",""
"TXN-0050","2026-07-24","2026-07-24","vendor payment","1702.88","EUR","","1702.88","Deutsche Post AG","Last Mile","FF","paid","FALSE","1702,88 EUR_20.07.2026_Deutsche Post AG.pdf","",""
"TXN-0051","2026-07-24","2026-07-24","vendor payment","1289.53","EUR","","1289.53","Deutsche Post AG","Last Mile","FF","paid","FALSE","1289,53 EUR_20.07.2026_Deutsche Post AG.pdf","",""
"TXN-0052","2026-07-28","2026-07-28","vendor payment","22.61","EUR","","22.61","Deutsche Post AG","Last Mile","FF","paid","FALSE","","",""
"TXN-0053","2026-07-28","2026-07-28","vendor payment","1492.23","EUR","","1492.23","Deutsche Post AG","Last Mile","FF","paid","FALSE","1491,88 EUR_10.07.2026_Deutsche Post AG.pdf","",""
"TXN-0054","2026-06-12","2026-06-12","vendor payment","7844","USD","0.8638","6775.6472","Jiangsu Rikang Glass Products Co., Ltd.","Goods","","paid","FALSE","11 205,00 USD__30.07.2026_JIANGSU RIKANG GLASS PRODUCTS CO.,LTD.pdf","11 205,00 USD_30.04.2026_Jiangsu Rikang Glass Products Co., Ltd.pdf","PO1 Straw"
"TXN-0055","2026-07-06","2026-07-06","vendor payment","682","USD","0.8757","597.2274","Jiangsu Rikang Glass Products Co., Ltd.","Goods","","paid","FALSE","3410,00 USD_29.07.2026_Jiangsu Rikang Glass Products Co., Ltd.pdf","3410,00 USD_21.08.2026Jiangsu Rikang Glass Products Co., Ltd.PDF","PO2 Straw"
"TXN-0056","2026-05-11","2026-05-11","vendor payment","159271.88","EUR","","159271.88","Guangzhou Lvmengkang Pharmaceutical Technology Co., Ltd.","Goods","","paid","FALSE","375 000,00 USD_11.05.2026_Guangzhou Lvmengkang Pharmaceutical Technology co., LTD.pdf","375 000,00 USD_11.05.2026_Guangzhou Lvmengkang Pharmaceutical Technology co., LTD.pdf","PO1 Jello"
"TXN-0057","2026-06-08","2026-06-08","vendor payment","12000","EUR","","12000","Guangzhou Lvmengkang Pharmaceutical Technology Co., Ltd.","Goods","","paid","FALSE","12 000,00 EUR_08.06.2026_Guangzhou Lvmengkang Pharmaceutical Technology co., LTD.pdf","12 000,00 EUR_08.06.2026_Guangzhou Lvmengkang Pharmaceutical Technology co., LTD.pdf","PO1 Jello"
"TXN-0058","2026-06-28","2026-06-28","vendor payment","65939","EUR","","65939","Guangzhou Lvmengkang Pharmaceutical Technology Co., Ltd.","Goods","","paid","FALSE","375 000,00 USD_11.05.2026_Guangzhou Lvmengkang Pharmaceutical Technology co., LTD.pdf","375 000,00 USD_11.05.2026_Guangzhou Lvmengkang Pharmaceutical Technology co., LTD.pdf","PO1 Jello"
"TXN-0059","2026-07-16","2026-07-16","vendor payment","1551","EUR","","1551","Guangzhou Lvmengkang Pharmaceutical Technology Co., Ltd.","Goods","","paid","FALSE","1778,00 USD_11.07.2026_Guangzhou Lvmengkang Pharmaceutical Technology co., LTD.pdf","1178,00 USD_11.07.2026_Guangzhou Lvmengkang Pharmaceutical Technology co., LTD.pdf",""
"TXN-0060","2026-07-17","2026-07-17","vendor payment","33315","EUR","","33315","Guangzhou Lvmengkang Pharmaceutical Technology Co., Ltd.","Goods","","paid","FALSE","127 000,00 USD_06.07.2026_Guangzhou Lvmengkang Pharmaceutical Technology co., LTD.pdf","127 000.00 USD_06.07.2026_Guangzhou Lvmengkang Pharmaceutical Technology co., LTD.pdf","PO2 Jello"
"TXN-0061","2026-05-18","2026-05-18","vendor payment","3690","USD","0.8615","3178.935","Jieyang Chengli Hardware Industrial Co., Ltd.","Goods","","paid","FALSE","12 300,00 USD_11.05.2026_Jieyang Chengli Hardware Industry Co.pdf","12 300,00 USD_11.05.2026_Jieyang Chengli Hardware Industrial Co., Ltd.pdf","PO1 Mixer"
"TXN-0062","2026-06-12","2026-06-12","vendor payment","8610","USD","0.8651","7448.5109999999995","Jieyang Chengli Hardware Industrial Co., Ltd.","Goods","","paid","FALSE","12 300,00 USD_11.05.2026_Jieyang Chengli Hardware Industry Co.pdf","12 300,00 USD_11.05.2026_Jieyang Chengli Hardware Industrial Co., Ltd.pdf","PO1 Mixer"
"TXN-0063","2026-06-02","2026-06-02","vendor payment","895","USD","0.8582","768.0889999999999","SGS-CSTC Standards Technical Services Co.,Ltd.","Inspection","","paid","FALSE","6050 RMB_02.06.2026_SGS-CSTC Standards Technical Services Co.,Ltd..pdf","",""
"TXN-0064","2026-06-15","2026-06-15","vendor payment","275","USD","0.8616","236.94","SGS-CSTC Standards Technical Services Co.,Ltd.","Inspection","","paid","FALSE","1850 RMB_15.06.2026_SGS-CSTC Standards Technical Services Co.,Ltd..pdf","",""
"TXN-0065","2026-07-01","2026-07-01","vendor payment","273","USD","0.8777","239.6121","SGS-CSTC Standards Technical Services Co.,Ltd.","Inspection","","paid","FALSE","1850,00 RMB_01.07.2026_SGS-CSTC Standards Technical Services Co.,Ltd..pdf","",""
"TXN-0066","2026-07-28","2026-07-28","vendor payment","600","USD","0.8796","527.76","SGS-CSTC Standards Technical Services Co.,Ltd.","Inspection","","paid","FALSE","4050,00 RMB_28.07.2026_SGS-CSTC Standards Technical Services Co.,Ltd.pdf","",""
"TXN-0067","2026-06-01","2026-06-01","vendor payment","1590","USD","0.8586","1365.174","Eurofins Technology Service (Guangzhou) Co., Ltd.","Inspection","","paid","FALSE","1,590.00 USD_29.05.2026_Eurofins Technology Service (Guangzhou) Co., Ltd.pdf","",""
"TXN-0068","2026-06-12","2026-06-12","vendor payment","1894","USD","0.8633","1635.0901999999999","Eurofins Technology Service (Guangzhou) Co., Ltd.","Inspection","","paid","FALSE","1894.00 USD_16.06.2026_Eurofins Technology Service.pdf","",""
"TXN-0069","2026-07-15","2026-07-15","vendor payment","2634","USD","0.8744","2303.1695999999997","Eurofins Technology Service (Guangzhou) Co., Ltd.","Inspection","","paid","FALSE","2634,00 USD_08.07.2026_Eurofins Technology Service (Guangzhou) Co., Ltd..pdf","",""
"TXN-0070","2026-07-06","2026-07-06","vendor payment","2488","USD","0.8616","2143.6608","Ningbo Xianger New Material Technology Co., Ltd.","Goods","","paid","FALSE","32 640,00 USD_01.07.2026_ Ningbo Xianger New Material Technology Co., Ltd..pdf","",""
"TXN-0071","2026-07-27","2026-07-27","vendor payment","336","USD","0.8774","294.8064","Ningbo Xianger New Material Technology Co., Ltd.","Goods","","paid","FALSE","1120,00 USD_27.07.2026_Ningbo Xianger New Material Technology Co., Ltd..pdf","",""
"TXN-0072","2026-08-05","2026-08-05","vendor payment","2592","USD","0.8667","2246.4864000000002","Ningbo Xianger New Material Technology Co., Ltd.","Goods","","paid","FALSE","8640,00 USD_04.08.2026_Ningbo Xianger New Material Technology Co., Ltd.pdf","",""
"TXN-0073","2026-08-05","2026-08-05","vendor payment","14566.35","EUR","","14566.35","Deutsche Post AG","Last Mile","","paid","FALSE","14 566,35 EUR_31.07.2026_DHL Paket GmbH.pdf","",""
"TXN-0074","2026-08-05","2026-08-05","vendor payment","1105.91","EUR","","1105.91","Deutsche Post AG","Last Mile","","paid","FALSE","1105,91 EUR_31.07.2026_DHL Paket GmbH.pdf","",""
"TXN-0075","2026-08-05","2026-08-05","vendor payment","2430.3","EUR","","2430.3","Deutsche Post AG","Last Mile","","paid","FALSE","2430,30 EUR_31.07.2026_Deutsche Post AG.pdf","",""
"TXN-0076","2026-08-05","2026-08-05","vendor payment","163.18","EUR","","163.18","Deutsche Post AG","Last Mile","","paid","FALSE","163,18 EUR_31.07.2026_Deutsche Post AG.pdf","",""
"TXN-0077","2026-08-11","2026-08-11","vendor payment","14775.87","EUR","","14775.87","fly fulfillment GmbH","Fulfillment","","paid","FALSE","14.775,87 EUR _31.07.2026_fly fulfillment GmbH.pdf","",""
"TXN-0078","2026-08-06","2026-08-06","vendor payment","660.8","EUR","","660.8","Hangzhou Miqiu Internet Technology Co., Ltd","Fulfillment","","paid","FALSE","660,80 EUR_31.07.2026_Hangzhou Miqiu Internet Technology Co.,Ltd.pdf","",""
"TXN-0079","2026-08-06","2026-08-06","vendor payment","864.75","EUR","","864.75","Hangzhou Miqiu Internet Technology Co., Ltd","Fulfillment","","paid","FALSE","864.75 EUR_01.08.2026_Hangzhou Miqiu Internet Technology Co.,Ltd.pdf","",""
"TXN-0080","2026-08-06","2026-08-06","vendor payment","2175.31","EUR","","2175.31","Hangzhou Miqiu Internet Technology Co., Ltd","Fulfillment","","paid","FALSE","2175.31 EUR_03.08.2026_Hangzhou Miqiu Internet Technology Co., Ltd.pdf","",""
"TXN-0081","2026-08-06","2026-08-06","vendor payment","837.35","EUR","","837.35","Hangzhou Miqiu Internet Technology Co.,Ltd","Fulfillment","","paid","FALSE","837.35 EUR_04.08.2026_Hangzhou Miqiu Internet Technology Co.,Ltd.pdf","",""
"TXN-0082","2026-08-06","2026-08-06","vendor payment","805.34","EUR","","805.34","Hangzhou Miqiu Internet Technology Co.,Ltd","Fulfillment","","paid","FALSE","805.34 EUR _05.08.2026_Hangzhou Miqiu Internet Technology Co.,Ltd.pdf","",""
"TXN-0083","2026-08-06","2026-08-06","vendor payment","723.17","EUR","","723.17","Hangzhou Miqiu Internet Technology Co.,Ltd","Fulfillment","","paid","FALSE","723.17 EUR_06.08.2026_Hangzhou Miqiu Internet Technology Co.,Ltd.pdf","",""
"TXN-0084","2026-08-08","2026-08-10","vendor payment","2222.5","USD","0.8663","1925.3517499999998","Shanghai WEIPU Testing Technology Group Co., LTD.","Inspection","","paid","FALSE","4445,00 USD_06.08.2026_Shanghai WEIPU Testing Technology Group Co., LTD..pdf","",""
"TXN-0085","2026-08-10","2026-08-10","vendor payment","6919","USD","0.865","5984.9349999999995","MBS LOGISTICS LTD.","Freight & Customs (incl. taxes)","","paid","FALSE","6919,00 USD_06.08.2026_MBS LOGISTICS LTD.pdf","","PO1-Wave4-Container1 WAE2026071000047"
"TXN-0086","2026-08-12","2026-08-12","vendor payment","6067.07","EUR","","6067.07","An Expeditors International GmbH","Freight & Customs (incl. taxes)","","paid","FALSE","6067,07 EUR_12.08.2026_Expeditors International GmbH.pdf","","PO2-Air-Urgent-Straw"
"TXN-0087","2026-08-12","2026-08-12","vendor payment","6101.42","EUR","","6101.42","An Expeditors International GmbH","Freight & Customs (incl. taxes)","","paid","FALSE","6101,42 EUR_12.08.2026_Expeditors International GmbH.pdf","","PO2-Air-Urgent-Mixer"
"TXN-0088","2026-08-12","2026-08-12","vendor payment","1627.4","EUR","","1627.4","Hangzhou Miqiu Internet Technology Co., Ltd","Fulfillment","","paid","FALSE","166.57 EUR_26.06.2026_Hangzhou Miqiu Internet Technology Co., Ltd.pdf","",""
"TXN-0089","2026-08-12","2026-08-12","vendor payment","732.17","EUR","","732.17","Hangzhou Miqiu Internet Technology Co., Ltd","Fulfillment","","paid","FALSE","3534.78 EUR_26.06.2026_Hangzhou Miqiu Internet Technology Co.,Ltd (1).pdf","",""
"TXN-0090","2026-08-12","2026-08-12","vendor payment","876.49","EUR","","876.49","Hangzhou Miqiu Internet Technology Co., Ltd","Fulfillment","","paid","FALSE","1738.82 EUR _26.06.2026_Hangzhou Miqiu Internet Technology Co.,Ltd (1).pdf","",""
"TXN-0091","2026-08-12","2026-08-12","vendor payment","737.58","EUR","","737.58","Hangzhou Miqiu Internet Technology Co., Ltd","Fulfillment","","paid","FALSE","639,82 EUR_27.06.2026_Hangzhou Miqiu Internet Technology Co.,Ltd.pdf","",""
"TXN-0092","2026-08-12","2026-08-12","vendor payment","49.63","EUR","","49.63","Hangzhou Miqiu Internet Technology Co., Ltd","Fulfillment","","paid","FALSE","1906.55 EUR_29.06.2026_Hangzhou Miqiu Internet Technology Co.,Ltd.pdf","",""
"TXN-0093","2026-08-12","2026-08-12","vendor payment","700.22","EUR","","700.22","Hangzhou Miqiu Internet Technology Co., Ltd","Fulfillment","","paid","FALSE","458,55 EUR_01.07.2026_Hangzhou Miqiu Internet Technology Co.,Ltd.pdf","",""
"TXN-0094","2026-08-12","2026-08-12","vendor payment","13.7","EUR","","13.7","Hangzhou Miqiu Internet Technology Co., Ltd","Fulfillment","","paid","FALSE","118.97 EUR_02.07.2026_Hangzhou Miqiu Internet Technology Co.,Ltd.pdf","",""
"TXN-0095","2026-08-12","2026-08-12","vendor payment","606.9","EUR","","606.9","Hangzhou Miqiu Internet Technology Co., Ltd","Fulfillment","","paid","FALSE","618.63 EUR_30.06.2026_Hangzhou Miqiu Internet Technology Co.,Ltd.pdf","",""
"TXN-0096","2026-08-12","2026-08-12","vendor payment","3674","USD","0.8675","3187.195","Jiangsu Rikang Glass Products Co., Ltd.","Goods","","paid","FALSE","1660.84 EUR_06.07.2026_Hangzhou Miqiu Internet Technology Co.,Ltd.pdf","","PO3 Straw"
"TXN-0097","2026-08-12","2026-08-12","vendor payment","10144","USD","0.8676","8800.9344","Ningbo Xianger New Material Technology Co., Ltd.","Goods","","paid","FALSE","893.26 EUR_07.07.2026_Hangzhou Miqiu Internet Technology Co.,Ltd.pdf","",""
"TXN-0098","2026-08-13","2026-08-13","vendor payment","3857.55","EUR","","3857.55","Deutsche Post AG","Last Mile","","paid","FALSE","613,39 EUR_08.07.2026_Hangzhou Miqiu Internet Technology Co.,Ltd.pdf","",""
"TXN-0099","2026-08-13","2026-08-13","vendor payment","15476.15","EUR","","15476.15","Deutsche Post AG","Last Mile","","paid","FALSE","115.97 EUR_03.07.2026_Hangzhou Miqiu Internet Technology Co.,Ltd.pdf","",""
"TXN-0100","2026-08-13","2026-08-13","vendor payment","142.2","USD","0.8655","123.0741","Xianger New Material Technology Co.","Goods","","paid","FALSE","435.95 EUR_04.07.2026_Hangzhou Miqiu Internet Technology Co.,Ltd.pdf","",""
"TXN-0101","2026-08-20","2026-08-20","vendor payment","345.35","EUR","","345.35","Hangzhou Miqiu Internet Technology Co., Ltd","Fulfillment","","paid","FALSE","603.96 EUR_09.07.2026_Hangzhou Miqiu Internet Technology Co.,Ltd.pdf","",""
"TXN-0102","2026-08-20","2026-08-20","vendor payment","471.75","EUR","","471.75","Hangzhou Miqiu Internet Technology Co., Ltd","Fulfillment","","paid","FALSE","166.57 EUR_26.06.2026_Hangzhou Miqiu Internet Technology Co., Ltd.pdf","",""
"TXN-0103","2026-08-20","2026-08-20","vendor payment","563.11","EUR","","563.11","Hangzhou Miqiu Internet Technology Co., Ltd","Fulfillment","","paid","FALSE","3534.78 EUR_26.06.2026_Hangzhou Miqiu Internet Technology Co.,Ltd (1).pdf","",""
"TXN-0104","2026-08-20","2026-08-20","vendor payment","1162.87","EUR","","1162.87","Hangzhou Miqiu Internet Technology Co., Ltd","Fulfillment","","paid","FALSE","1738.82 EUR _26.06.2026_Hangzhou Miqiu Internet Technology Co.,Ltd (1).pdf","",""
"TXN-0105","2026-08-20","2026-08-20","vendor payment","430.48","EUR","","430.48","Hangzhou Miqiu Internet Technology Co., Ltd","Fulfillment","","paid","FALSE","639,82 EUR_27.06.2026_Hangzhou Miqiu Internet Technology Co.,Ltd.pdf","",""
"TXN-0106","2026-08-20","2026-08-20","vendor payment","574.41","EUR","","574.41","Hangzhou Miqiu Internet Technology Co., Ltd","Fulfillment","","paid","FALSE","1906.55 EUR_29.06.2026_Hangzhou Miqiu Internet Technology Co.,Ltd.pdf","",""
"TXN-0107","2026-08-20","2026-08-20","vendor payment","8.91","EUR","","8.91","Hangzhou Miqiu Internet Technology Co., Ltd","Fulfillment","","paid","FALSE","458,55 EUR_01.07.2026_Hangzhou Miqiu Internet Technology Co.,Ltd.pdf","",""
"TXN-0108","2026-08-21","2026-08-21","vendor payment","6725","USD","0.8567","5761.3075","MBS LOGISTICS LTD.","Freight & Customs (incl. taxes)","","paid","FALSE","118.97 EUR_02.07.2026_Hangzhou Miqiu Internet Technology Co.,Ltd.pdf","","PO1-Wave4-Container1 WAE2026071000047"
"TXN-0109","2026-08-21","2026-08-21","vendor payment","14674.57","EUR","","14674.57","An LMAR GmbH","Freight & Customs (incl. taxes)","","paid","FALSE","618.63 EUR_30.06.2026_Hangzhou Miqiu Internet Technology Co.,Ltd.pdf","","PO1-Wave4-Container1 WAE2026071000047"
"TXN-0110","2026-08-22","2026-08-22","vendor payment","13821.93","EUR","","13821.93","fly fulfillment GmbH","Fulfillment","","paid","FALSE","1660.84 EUR_06.07.2026_Hangzhou Miqiu Internet Technology Co.,Ltd.pdf","",""
"TXN-0111","2026-08-25","2026-08-25","vendor payment","3410.84","EUR","","3410.84","Deutsche Post AG","Last Mile","","paid","FALSE","893.26 EUR_07.07.2026_Hangzhou Miqiu Internet Technology Co.,Ltd.pdf","",""
"TXN-0112","2026-08-25","2026-08-25","vendor payment","13032.88","EUR","","13032.88","Deutsche Post AG","Last Mile","","paid","FALSE","613,39 EUR_08.07.2026_Hangzhou Miqiu Internet Technology Co.,Ltd.pdf","",""
"TXN-0113","2026-08-26","2026-08-26","vendor payment","569.97","EUR","","569.97","Deutsche Post AG","Last Mile","","paid","FALSE","115.97 EUR_03.07.2026_Hangzhou Miqiu Internet Technology Co.,Ltd.pdf","",""
"TXN-0114","2026-08-26","2026-08-26","vendor payment","1704.21","EUR","","1704.21","Deutsche Post AG","Last Mile","","paid","FALSE","435.95 EUR_04.07.2026_Hangzhou Miqiu Internet Technology Co.,Ltd.pdf","",""
"TXN-0115","2026-08-25","2026-08-25","vendor payment","805","USD","0.8574","690.207","An Shanghai WEIPU Testing Technology Group Co., LTD.","Goods","","paid","FALSE","603.96 EUR_09.07.2026_Hangzhou Miqiu Internet Technology Co.,Ltd.pdf","",""
"TXN-0116","2026-08-27","2026-08-27","vendor payment","13675","USD","0.8583","11737.252499999999","MBS LOGISTICS LTD.","Freight & Customs (incl. taxes)","","paid","FALSE","10,17 EUR_10.07.2026_Hangzhou Miqiu Internet Technology Co., Ltd.pdf","","PO1-Wave4-Container2-Jello, PO1-Wave4-Container2-Mixer, PO1-Wave4-Container2-Straw"
"TXN-0117","2026-08-27","2026-08-27","vendor payment","545.73","EUR","","545.73","Hangzhou Miqiu Internet Technology Co., Ltd","Fulfillment","","paid","FALSE","794.96 EUR_14.07.2026_Hangzhou Miqiu Internet Technology Co.,Ltd.pdf","",""
"TXN-0118","2026-08-27","2026-08-27","vendor payment","798.46","EUR","","798.46","Hangzhou Miqiu Internet Technology Co., Ltd","Fulfillment","","paid","FALSE","2349.31 EUR_13.07.2026_Hangzhou Miqiu Internet Technology Co.,Ltd.pdf","",""
"TXN-0119","2026-08-27","2026-08-27","vendor payment","646.15","EUR","","646.15","Hangzhou Miqiu Internet Technology Co., Ltd","Fulfillment","","paid","FALSE","779.65 EUR_16.07.2026_Hangzhou Miqiu Internet Technology Co.,Ltd.pdf","",""
"TXN-0120","2026-08-27","2026-08-27","vendor payment","1236.32","EUR","","1236.32","Hangzhou Miqiu Internet Technology Co., Ltd","Fulfillment","","paid","FALSE","883.51 EUR_15.07.2026_Hangzhou Miqiu Internet Technology Co.,Ltd.pdf","",""
"TXN-0121","2026-08-27","2026-08-27","vendor payment","423","EUR","","423","Hangzhou Miqiu Internet Technology Co., Ltd","Fulfillment","","paid","FALSE","709,62 EUR_10.07.2026_Hangzhou Miqiu Internet Technology Co.,Ltd.pdf","",""
"TXN-0122","2026-08-28","2026-08-28","vendor payment","15719.08","EUR","","15719.08","An LMAR GmbH","Freight & Customs (incl. taxes)","","paid","FALSE","571.98 EUR_22.07.2026_Hangzhou Miqiu Internet Technology Co.,Ltd.pdf","","PO1-Wave4-Container2-Jello, PO1-Wave4-Container2-Mixer, PO1-Wave4-Container2-Straw"
"TXN-0123","2026-08-28","2026-08-28","vendor payment","276","USD","0.8589","237.0564","An SGS-CSTC Standards Technical Services Co.,Ltd.","Inspection","","paid","FALSE","598.40 EUR_23.07.2026_Hangzhou Miqiu Internet Technology Co.,Ltd.pdf","",""
"TXN-0124","2026-08-31","2026-08-31","vendor payment","33320","EUR","","33320","An Guangzhou Lvmengkang Pharmaceutical Technology Co., Ltd.","Goods","","paid","FALSE","609.29 EUR_17.07.2026_Hangzhou Miqiu Internet Technology Co.,Ltd.pdf","","PO2 Jello"
"TXN-0125","2026-08-31","2026-08-31","vendor payment","96998.62","EUR","","96998.62","An Guangzhou Lvmengkang Pharmaceutical Technology Co., Ltd.","Goods","","paid","FALSE","686,44 EUR_18.07.2026_Hangzhou Miqiu Internet Technology Co.,Ltd.pdf","",""
"TXN-0126","2026-09-03","2026-09-03","vendor payment","12727.12","EUR","","12727.12","Deutsche Post AG","Last Mile","","paid","FALSE","1 395,91 EUR_31.08.2026_DHL Paket GmbH.pdf","",""
"TXN-0127","2026-09-03","2026-09-03","vendor payment","1395.91","EUR","","1395.91","Deutsche Post AG","Last Mile","","paid","FALSE","439,11 EUR_05.08.2026_take-e-way.pdf","",""
"TXN-0128","2026-09-03","2026-09-03","vendor payment","601.97","EUR","","601.97","An Hangzhou Miqiu Internet Technology Co., Ltd","Fulfillment","","paid","FALSE","601.97 EUR_28.08.2026_Hangzhou Miqiu Internet Technology Co.,Ltd.pdf","",""
"TXN-0129","2026-09-03","2026-09-03","vendor payment","1818.62","EUR","","1818.62","An Hangzhou Miqiu Internet Technology Co., Ltd","Fulfillment","","paid","FALSE","1818.62  EUR_31.08.2026_Hangzhou Miqiu Internet Technology Co.,Ltd.pdf","",""
"TXN-0130","2026-09-03","2026-09-03","vendor payment","606.74","EUR","","606.74","An Hangzhou Miqiu Internet Technology Co., Ltd","Fulfillment","","paid","FALSE","606.74 EUR_03.09.2026_Hangzhou Miqiu Internet Technology Co.,Ltd.pdf","",""
"TXN-0131","2026-09-03","2026-09-03","vendor payment","609.43","EUR","","609.43","An Hangzhou Miqiu Internet Technology Co., Ltd","Fulfillment","","paid","FALSE","609.43 EUR_01.09.2026_Hangzhou Miqiu Internet Technology Co.,Ltd.pdf","",""
"TXN-0132","2026-09-03","2026-09-03","vendor payment","620.06","EUR","","620.06","An Hangzhou Miqiu Internet Technology Co., Ltd","Fulfillment","","paid","FALSE","620.06 EUR_02.09.2026_Hangzhou Miqiu Internet Technology Co.,Ltd.pdf","",""
"TXN-0133","2026-09-04","2026-09-04","vendor payment","183.36","EUR","","183.36","Deutsche Post AG","Last Mile","","paid","FALSE","183,36 EUR_31.08.2026_Deutsche Post AG.pdf","",""
"TXN-0134","2026-09-04","2026-09-04","vendor payment","1559","EUR","","1559","Deutsche Post AG","Last Mile","","paid","FALSE","1 559,00 EUR_31.08.2026_Deutsche Post AG.pdf","",""
"TXN-0135","2026-09-04","2026-09-04","vendor payment","180","USD","0.8607","154.92600000000002","An Shanghai WEIPU Testing Technology Group Co., LTD.","Inspection","","paid","FALSE","180,00 USD_04.09.2026_Shanghai WEIPU Testing Technology Group Co., LTD.pdf","",""
"TXN-0136","2026-09-09","2026-09-09","vendor payment","325","USD","0.8596","279.37","An SGS-CSTC Standards Technical Services Co.,Ltd.","Inspection","","paid","FALSE","SGS-CSTC Standards Technical Services Co.,Ltd..pdf","",""
"TXN-0137","2026-09-09","2026-09-09","vendor payment","13214.95","EUR","","13214.95","An fly fulfillment GmbH","Fulfillment","","paid","FALSE","13 214,95 EUR_31.08.2026_fly fulfillment GmbH.pdf","",""
"TXN-0138","2026-09-09","2026-09-09","vendor payment","89490","USD","0.859","76871.91","An Red Kangaroo International Biotechnology (Guangzhou) Co., Ltd.","Goods","","paid","FALSE","298 300,00 USD_04.09.2026__Red Kangaroo International Biotechnology (Guangzhou) Co., Ltd..pdf","","PO3 Jello"
"TXN-0139","2026-09-10","2026-09-10","vendor payment","463.89","EUR","","463.89","An Hangzhou Miqiu Internet Technology Co., Ltd","Fulfillment","","paid","FALSE","463.89 EUR_10.09.2026_Hangzhou Miqiu Internet Technology Co.,Ltd.pdf","",""
"TXN-0140","2026-09-10","2026-09-10","vendor payment","486.84","EUR","","486.84","An Hangzhou Miqiu Internet Technology Co., Ltd","Fulfillment","","paid","FALSE","486.84 EUR_09.09.2026_Hangzhou Miqiu Internet Technology Co.,Ltd.pdf","",""
"TXN-0141","2026-09-10","2026-09-10","vendor payment","519.13","EUR","","519.13","An Hangzhou Miqiu Internet Technology Co., Ltd","Fulfillment","","paid","FALSE","519.13 EUR_08.09.2026_Hangzhou Miqiu Internet Technology Co.,Ltd.pdf","",""
"TXN-0142","2026-09-10","2026-09-10","vendor payment","1317.24","EUR","","1317.24","An Hangzhou Miqiu Internet Technology Co., Ltd","Fulfillment","","paid","FALSE","1317.24 EUR_07.09.2026_Hangzhou Miqiu Internet Technology Co.,Ltd.pdf","",""
"TXN-0143","2026-09-10","2026-09-10","vendor payment","509.1","EUR","","509.1","An Hangzhou Miqiu Internet Technology Co., Ltd","Fulfillment","","paid","FALSE","509.10 EUR_05.09.2026_Hangzhou Miqiu Internet Technology Co.,Ltd.pdf","",""
"TXN-0144","2026-09-10","2026-09-10","vendor payment","575.83","EUR","","575.83","An Hangzhou Miqiu Internet Technology Co., Ltd","Fulfillment","","paid","FALSE","575.83 EUR_04.09.2026_Hangzhou Miqiu Internet Technology Co.,Ltd.pdf","",""
"TXN-0145","2026-09-15","2026-09-15","vendor payment","1210.29","EUR","","1210.29","Deutsche Post AG","Last Mile","","paid","FALSE","1 210,29 EUR_10.09.2026_DHL Paket GmbH.pdf","",""
"TXN-0146","2026-09-15","2026-09-15","vendor payment","12863.89","EUR","","12863.89","Deutsche Post AG","Last Mile","","paid","FALSE","12 863,89 EUR_10.09.2026_DHL Paket GmbH.pdf","",""
"TXN-0147","2026-09-16","2026-09-16","vendor payment","928","USD","","0","Ningbo Xianger New Material Technology Co., Ltd.","Goods","","paid","FALSE","9 280,00 USD_27.07.2026_ Ningbo Xianger New Material Technology Co., Ltd.pdf","",""
"TXN-0148","2026-09-16","2026-09-16","vendor payment","207.71","EUR","","207.71","Deutsche Post AG","Last Mile","","paid","FALSE","207,71 EUR_10.09.2026_Deutsche Post AG.pdf","",""
"TXN-0149","2026-09-16","2026-09-16","vendor payment","1978.07","EUR","","1978.07","Deutsche Post AG","Last Mile","","paid","FALSE","1 978,07 EUR_10.09.2026_Deutsche Post AG.pdf","",""
"TXN-0150","2026-09-17","2026-09-17","vendor payment","8564.82","EUR","","8564.82","Expeditors International GmbH","Freight & Customs (incl. taxes)","","paid","FALSE","8 564,82 EUR_16.09.2026_Expeditors","",""
"TXN-0151","2026-09-17","2026-09-17","vendor payment","5451.65","EUR","","5451.65","Expeditors International GmbH","Freight & Customs (incl. taxes)","","paid","FALSE","5 451,65 EUR_16.09.2026_Expeditors","",""
"TXN-0152","2026-09-17","2026-09-17","vendor payment","7317.16","EUR","","7317.16","Expeditors International GmbH","Freight & Customs (incl. taxes)","","paid","FALSE","7 317,16 EUR_16.09.2026_Expeditors","",""
"TXN-0153","2026-09-17","2026-09-17","vendor payment","5451.65","EUR","","5451.65","Expeditors International GmbH","Freight & Customs (incl. taxes)","","paid","FALSE","5 451,65 EUR_16.09.2026_Expeditors Int'l","",""
"","","","","","","","","","","","","FALSE","","",""
"","","","","","","","","","","","","FALSE","","",""
"","","","","","","","","","","","","FALSE","","",""
"","","","","","","","","","","","","FALSE","","",""
"","","","","","","","","","","","","FALSE","","",""
"","","","","","","","","","","","","FALSE","","",""
"","","","","","","","","","","","","FALSE","","",""
"","","","","","","","","","","","","FALSE","","",""
"","","","","","","","","","","","","FALSE","","",""
"","","","","","","","","","","","","FALSE","","",""
"","","","","","","","","","","","","FALSE","","",""
"","","","","","","","","","","","","FALSE","","",""
"","","","","","","","","","","","","FALSE","","",""
"","","","","","","","","","","","","FALSE","","",""
"","","","","","","","","","","","","FALSE","","",""
"","","","","","","","","","","","","FALSE","","",""
"","","","","","","","","","","","","FALSE","","",""
"","","","","","","","","","","","","FALSE","","",""
"","","","","","","","","","","","","FALSE","","",""
"","","","","","","","","","","","","FALSE","","",""
"","","","","","","","","","","","","FALSE","","",""
"","","","","","","","","","","","","FALSE","","",""
"","","","","","","","","","","","","FALSE","","",""
"","","","","","","","","","","","","FALSE","","",""
"","","","","","","","","","","","","FALSE","","",""
"","","","","","","","","","","","","FALSE","","",""
"","","","","","","","","","","","","FALSE","","",""
"","","","","","","","","","","","","FALSE","","",""
"","","","","","","","","","","","","FALSE","","",""
"","","","","","","","","","","","","FALSE","","",""
"","","","","","","","","","","","","FALSE","","",""
"","","","","","","","","","","","","FALSE","","",""
"","","","","","","","","","","","","FALSE","","",""
"","","","","","","","","","","","","FALSE","","",""
"","","","","","","","","","","","","FALSE","","",""
"","","","","","","","","","","","","FALSE","","",""
"","","","","","","","","","","","","FALSE","","",""
"","","","","","","","","","","","","FALSE","","",""
"","","","","","","","","","","","","FALSE","","",""
"","","","","","","","","","","","","FALSE","","",""
"","","","","","","","","","","","","FALSE","","",""
"","","","","","","","","","","","","FALSE","","",""
"","","","","","","","","","","","","FALSE","","",""
"","","","","","","","","","","","","FALSE","","",""
"","","","","","","","","","","","","FALSE","","",""
"","","","","","","","","","","","","FALSE","","",""
"","","","","","","","","","","","","FALSE","","",""
"","","","","","","","","","","","","FALSE","","",""
"","","","","","","","","","","","","FALSE","","",""
"","","","","","","","","","","","","FALSE","","",""
"","","","","","","","","","","","","FALSE","","",""
"","","","","","","","","","","","","FALSE","","",""
"","","","","","","","","","","","","FALSE","","",""
"","","","","","","","","","","","","FALSE","","",""
"","","","","","","","","","","","","FALSE","","",""
"","","","","","","","","","","","","FALSE","","",""
"","","","","","","","","","","","","FALSE","","",""
"","","","","","","","","","","","","FALSE","","",""
"","","","","","","","","","","","","FALSE","","",""
"","","","","","","","","","","","","FALSE","","",""
"","","","","","","","","","","","","FALSE","","",""
"","","","","","","","","","","","","FALSE","","",""
"","","","","","","","","","","","","FALSE","","",""
"","","","","","","","","","","","","FALSE","","",""
"","","","","","","","","","","","","FALSE","","",""
"","","","","","","","","","","","","FALSE","","",""
"","","","","","","","","","","","","FALSE","","",""
"","","","","","","","","","","","","FALSE","","",""
"","","","","","","","","","","","","FALSE","","",""
"","","","","","","","","","","","","FALSE","","",""
"","","","","","","","","","","","","FALSE","","",""
"","","","","","","","","","","","","FALSE","","",""
"","","","","","","","","","","","","FALSE","","",""
"","","","","","","","","","","","","FALSE","","",""
"","","","","","","","","","","","","FALSE","","",""
"","","","","","","","","","","","","FALSE","","",""
"","","","","","","","","","","","","FALSE","","",""
"","","","","","","","","","","","","FALSE","","",""
"","","","","","","","","","","","","FALSE","","",""
"","","","","","","","","","","","","FALSE","","",""
"","","","","","","","","","","","","FALSE","","",""
"","","","","","","","","","","","","FALSE","","",""
"","","","","","","","","","","","","FALSE","","",""
"","","","","","","","","","","","","FALSE","","",""
"","","","","","","","","","","","","FALSE","","",""
"","","","","","","","","","","","","FALSE","","",""
"","","","","","","","","","","","","FALSE","","",""
"","","","","","","","","","","","","FALSE","","",""
"","","","","","","","","","","","","FALSE","","",""
"","","","","","","","","","","","","FALSE","","",""
"","","","","","","","","","","","","FALSE","","",""
"","","","","","","","","","","","","FALSE","","",""
"","","","","","","","","","","","","FALSE","","",""
"","","","","","","","","","","","","FALSE","","",""
"","","","","","","","","","","","","FALSE","","",""
"","","","","","","","","","","","","FALSE","","",""
"","","","","","","","","","","","","FALSE","","",""
"","","","","","","","","","","","","FALSE","","",""
"","","","","","","","","","","","","FALSE","","",""
"","","","","","","","","","","","","FALSE","","",""
"","","","","","","","","","","","","FALSE","","",""
"","","","","","","","","","","","","FALSE","","",""
"","","","","","","","","","","","","FALSE","","",""
"","","","","","","","","","","","","FALSE","","",""
"","","","","","","","","","","","","FALSE","","",""
"","","","","","","","","","","","","FALSE","","",""
"","","","","","","","","","","","","FALSE","","",""
"","","","","","","","","","","","","FALSE","","",""
"","","","","","","","","","","","","FALSE","","",""
"","","","","","","","","","","","","FALSE","","",""
"","","","","","","","","","","","","FALSE","","",""
"","","","","","","","","","","","","FALSE","","",""
"","","","","","","","","","","","","FALSE","","",""
"","","","","","","","","","","","","FALSE","","",""
"","","","","","","","","","","","","FALSE","","",""
"","","","","","","","","","","","","FALSE","","",""
"","","","","","","","","","","","","FALSE","","",""
"","","","","","","","","","","","","FALSE","","",""
"","","","","","","","","","","","","FALSE","","",""
"","","","","","","","","","","","","FALSE","","",""
"","","","","","","","","","","","","FALSE","","",""
"","","","","","","","","","","","","FALSE","","",""
"","","","","","","","","","","","","FALSE","","",""
"","","","","","","","","","","","","FALSE","","",""
"","","","","","","","","","","","","FALSE","","",""
"","","","","","","","","","","","","FALSE","","",""
"","","","","","","","","","","","","FALSE","","",""
"","","","","","","","","","","","","FALSE","","",""
"","","","","","","","","","","","","FALSE","","",""
"","","","","","","","","","","","","FALSE","","",""
"","","","","","","","","","","","","FALSE","","",""
"","","","","","","","","","","","","FALSE","","",""
"","","","","","","","","","","","","FALSE","","",""
"","","","","","","","","","","","","FALSE","","",""
"","","","","","","","","","","","","FALSE","","",""
"","","","","","","","","","","","","FALSE","","",""
"","","","","","","","","","","","","FALSE","","",""
"","","","","","","","","","","","","FALSE","","",""
"","","","","","","","","","","","","FALSE","","",""
"","","","","","","","","","","","","FALSE","","",""
"","","","","","","","","","","","","FALSE","","",""
"","","","","","","","","","","","","FALSE","","",""
"","","","","","","","","","","","","FALSE","","",""
"","","","","","","","","","","","","FALSE","","",""
"","","","","","","","","","","","","FALSE","","",""
"","","","","","","","","","","","","FALSE","","",""
"","","","","","","","","","","","","FALSE","","",""
"","","","","","","","","","","","","FALSE","","",""
"","","","","","","","","","","","","FALSE","","",""
"","","","","","","","","","","","","FALSE","","",""
"","","","","","","","","","","","","FALSE","","",""
"","","","","","","","","","","","","FALSE","","",""
"","","","","","","","","","","","","FALSE","","",""
"","","","","","","","","","","","","FALSE","","",""
"","","","","","","","","","","","","FALSE","","",""
"","","","","","","","","","","","","FALSE","","",""
"","","","","","","","","","","","","FALSE","","",""
"","","","","","","","","","","","","FALSE","","",""
"","","","","","","","","","","","","FALSE","","",""
"","","","","","","","","","","","","FALSE","","",""
"","","","","","","","","","","","","FALSE","","",""
"","","","","","","","","","","","","FALSE","","",""
"","","","","","","","","","","","","FALSE","","",""
"","","","","","","","","","","","","FALSE","","",""
"","","","","","","","","","","","","FALSE","","",""
"","","","","","","","","","","","","FALSE","","",""
"","","","","","","","","","","","","FALSE","","",""
"","","","","","","","","","","","","FALSE","","",""
"","","","","","","","","","","","","FALSE","","",""
"","","","","","","","","","","","","FALSE","","",""
"","","","","","","","","","","","","FALSE","","",""
"","","","","","","","","","","","","FALSE","","",""
"","","","","","","","","","","","","FALSE","","",""
"","","","","","","","","","","","","FALSE","","",""
"","","","","","","","","","","","","FALSE","","",""
"","","","","","","","","","","","","FALSE","","",""
"","","","","","","","","","","","","FALSE","","",""
"","","","","","","","","","","","","FALSE","","",""
"","","","","","","","","","","","","FALSE","","",""
"","","","","","","","","","","","","FALSE","","",""
"","","","","","","","","","","","","FALSE","","",""
"","","","","","","","","","","","","FALSE","","",""
"","","","","","","","","","","","","FALSE","","",""
"","","","","","","","","","","","","FALSE","","",""
"","","","","","","","","","","","","FALSE","","",""
"","","","","","","","","","","","","FALSE","","",""
"","","","","","","","","","","","","FALSE","","",""
"","","","","","","","","","","","","FALSE","","",""
"","","","","","","","","","","","","FALSE","","",""
"","","","","","","","","","","","","FALSE","","",""
"","","","","","","","","","","","","FALSE","","",""
"","","","","","","","","","","","","FALSE","","",""
"","","","","","","","","","","","","FALSE","","",""
"","","","","","","","","","","","","FALSE","","",""
"","","","","","","","","","","","","FALSE","","",""
"","","","","","","","","","","","","FALSE","","",""
"","","","","","","","","","","","","FALSE","","",""
"","","","","","","","","","","","","FALSE","","",""
"","","","","","","","","","","","","FALSE","","",""
"","","","","","","","","","","","","FALSE","","",""
"","","","","","","","","","","","","FALSE","","",""
"","","","","","","","","","","","","FALSE","","",""
"","","","","","","","","","","","","FALSE","","",""
"","","","","","","","","","","","","FALSE","","",""
"","","","","","","","","","","","","FALSE","","",""
"","","","","","","","","","","","","FALSE","","",""
"","","","","","","","","","","","","FALSE","","",""
"","","","","","","","","","","","","FALSE","","",""
"","","","","","","","","","","","","FALSE","","",""
"","","","","","","","","","","","","FALSE","","",""
"","","","","","","","","","","","","FALSE","","",""
"","","","","","","","","","","","","FALSE","","",""
"","","","","","","","","","","","","FALSE","","",""
"","","","","","","","","","","","","FALSE","","",""
"","","","","","","","","","","","","FALSE","","",""
"","","","","","","","","","","","","FALSE","","",""
"","","","","","","","","","","","","FALSE","","",""
"","","","","","","","","","","","","FALSE","","",""
"","","","","","","","","","","","","FALSE","","",""
"","","","","","","","","","","","","FALSE","","",""
"","","","","","","","","","","","","FALSE","","",""
"","","","","","","","","","","","","FALSE","","",""
"","","","","","","","","","","","","FALSE","","",""
"","","","","","","","","","","","","FALSE","","",""
"","","","","","","","","","","","","FALSE","","",""
"","","","","","","","","","","","","FALSE","","",""
"","","","","","","","","","","","","FALSE","","",""
"","","","","","","","","","","","","FALSE","","",""
"","","","","","","","","","","","","FALSE","","",""
"","","","","","","","","","","","","FALSE","","",""
"","","","","","","","","","","","","FALSE","","",""
"","","","","","","","","","","","","FALSE","","",""
"","","","","","","","","","","","","FALSE","","",""
"","","","","","","","","","","","","FALSE","","",""
"","","","","","","","","","","","","FALSE","","",""
"","","","","","","","","","","","","FALSE","","",""
"","","","","","","","","","","","","FALSE","","",""
"","","","","","","","","","","","","FALSE","","",""
"","","","","","","","","","","","","FALSE","","",""
"","","","","","","","","","","","","FALSE","","",""
"","","","","","","","","","","","","FALSE","","",""
"","","","","","","","","","","","","FALSE","","",""
"","","","","","","","","","","","","FALSE","","",""
"","","","","","","","","","","","","FALSE","","",""
"","","","","","","","","","","","","FALSE","","",""
"","","","","","","","","","","","","FALSE","","",""
"","","","","","","","","","","","","FALSE","","",""
"","","","","","","","","","","","","FALSE","","",""
"","","","","","","","","","","","","FALSE","","",""
"","","","","","","","","","","","","FALSE","","",""
"","","","","","","","","","","","","FALSE","","",""
"","","","","","","","","","","","","FALSE","","",""
"","","","","","","","","","","","","FALSE","","",""
"","","","","","","","","","","","","FALSE","","",""
"","","","","","","","","","","","","FALSE","","",""
"","","","","","","","","","","","","FALSE","","",""
"","","","","","","","","","","","","FALSE","","",""
"","","","","","","","","","","","","FALSE","","",""
"","","","","","","","","","","","","FALSE","","",""
"","","","","","","","","","","","","FALSE","","",""
"","","","","","","","","","","","","FALSE","","",""
"","","","","","","","","","","","","FALSE","","",""
"","","","","","","","","","","","","FALSE","","",""
"","","","","","","","","","","","","FALSE","","",""
"","","","","","","","","","","","","FALSE","","",""
"","","","","","","","","","","","","FALSE","","",""
"","","","","","","","","","","","","FALSE","","",""
"","","","","","","","","","","","","FALSE","","",""
"","","","","","","","","","","","","FALSE","","",""
"","","","","","","","","","","","","FALSE","","",""
"","","","","","","","","","","","","FALSE","","",""
"","","","","","","","","","","","","FALSE","","",""
"","","","","","","","","","","","","FALSE","","",""
"","","","","","","","","","","","","FALSE","","",""
"","","","","","","","","","","","","FALSE","","",""
"","","","","","","","","","","","","FALSE","","",""
"","","","","","","","","","","","","FALSE","","",""
"","","","","","","","","","","","","FALSE","","",""
"","","","","","","","","","","","","FALSE","","",""
"","","","","","","","","","","","","FALSE","","",""
"","","","","","","","","","","","","FALSE","","",""
"","","","","","","","","","","","","FALSE","","",""
"","","","","","","","","","","","","FALSE","","",""
"","","","","","","","","","","","","FALSE","","",""
"","","","","","","","","","","","","FALSE","","",""
"","","","","","","","","","","","","FALSE","","",""
"","","","","","","","","","","","","FALSE","","",""
"","","","","","","","","","","","","FALSE","","",""
"","","","","","","","","","","","","FALSE","","",""
"","","","","","","","","","","","","FALSE","","",""
"","","","","","","","","","","","","FALSE","","",""
"","","","","","","","","","","","","FALSE","","",""
"","","","","","","","","","","","","FALSE","","",""
"","","","","","","","","","","","","FALSE","","",""
"","","","","","","","","","","","","FALSE","","",""
"","","","","","","","","","","","","FALSE","","",""
"","","","","","","","","","","","","FALSE","","",""
"","","","","","","","","","","","","FALSE","","",""
"","","","","","","","","","","","","FALSE","","",""
"","","","","","","","","","","","","FALSE","","",""
"","","","","","","","","","","","","FALSE","","",""
"","","","","","","","","","","","","FALSE","","",""
"","","","","","","","","","","","","FALSE","","",""
"","","","","","","","","","","","","FALSE","","",""
"","","","","","","","","","","","","FALSE","","",""
"","","","","","","","","","","","","FALSE","","",""
"","","","","","","","","","","","","FALSE","","",""
"","","","","","","","","","","","","FALSE","","",""
"","","","","","","","","","","","","FALSE","","",""
"","","","","","","","","","","","","FALSE","","",""
"","","","","","","","","","","","","FALSE","","",""
"","","","","","","","","","","","","FALSE","","",""
"","","","","","","","","","","","","FALSE","","",""
"","","","","","","","","","","","","FALSE","","",""
"","","","","","","","","","","","","FALSE","","",""
"","","","","","","","","","","","","FALSE","","",""
"","","","","","","","","","","","","FALSE","","",""
"","","","","","","","","","","","","FALSE","","",""
"","","","","","","","","","","","","FALSE","","",""
"","","","","","","","","","","","","FALSE","","",""
"","","","","","","","","","","","","FALSE","","",""
"","","","","","","","","","","","","FALSE","","",""
"","","","","","","","","","","","","FALSE","","",""
"","","","","","","","","","","","","FALSE","","",""
"","","","","","","","","","","","","FALSE","","",""
"","","","","","","","","","","","","FALSE","","",""
"","","","","","","","","","","","","FALSE","","",""
"","","","","","","","","","","","","FALSE","","",""
"","","","","","","","","","","","","FALSE","","",""
"","","","","","","","","","","","","FALSE","","",""
"","","","","","","","","","","","","FALSE","","",""
"","","","","","","","","","","","","FALSE","","",""
"","","","","","","","","","","","","FALSE","","",""
"","","","","","","","","","","","","FALSE","","",""
"","","","","","","","","","","","","FALSE","","",""
"","","","","","","","","","","","","FALSE","","",""
"","","","","","","","","","","","","FALSE","","",""
"","","","","","","","","","","","","FALSE","","",""
"","","","","","","","","","","","","FALSE","","",""
"","","","","","","","","","","","","FALSE","","",""
"","","","","","","","","","","","","FALSE","","",""
"","","","","","","","","","","","","FALSE","","",""
"","","","","","","","","","","","","FALSE","","",""
"","","","","","","","","","","","","FALSE","","",""
"","","","","","","","","","","","","FALSE","","",""
"","","","","","","","","","","","","FALSE","","",""
"","","","","","","","","","","","","FALSE","","",""
